Time,force.x,force.y,force.z,torque.x,torque.y,torque.z
1464818234.3519676,0.0,0.0,0.0,0.0,0.0,0.0
1464818234.4029338,0.0,0.0,0.0,0.0,0.0,0.0
1464818234.4525306,0.0,0.0,0.0,0.0,0.0,0.0
1464818234.505357,0.0,0.0,0.0,0.0,0.0,0.0
1464818234.5498729,0.0,0.0,0.0,0.0,0.0,0.0
1464818234.6029482,0.0,0.0,0.0,0.0,0.0,0.0
1464818234.6527593,0.0,0.0,0.0,0.0,0.0,0.0
1464818234.705186,0.0,0.0,0.0,0.0,0.0,0.0
1464818234.7498045,0.0,0.0,0.0,0.0,0.0,0.0
1464818234.8028793,0.0,0.0,0.0,0.0,0.0,0.0
1464818234.8525379,0.0,0.0,0.0,0.0,0.0,0.0
1464818234.9050226,0.0,0.0,0.0,0.0,0.0,0.0
1464818234.9499104,0.0,0.0,0.0,0.0,0.0,0.0
1464818235.0028923,0.0,0.0,0.0,0.0,0.0,0.0
1464818235.0528102,0.0,0.0,0.0,0.0,0.0,0.0
1464818235.1052663,0.0,0.0,0.0,0.0,0.0,0.0
1464818235.149826,0.0,0.0,0.0,0.0,0.0,0.0
1464818235.2027907,0.0,0.0,0.0,0.0,0.0,0.0
1464818235.2526388,0.0,0.0,0.0,0.0,0.0,0.0
1464818235.305152,0.0,0.0,0.0,0.0,0.0,0.0
1464818235.3498328,0.0,0.0,0.0,0.0,0.0,0.0
1464818235.402785,0.0,0.0,0.0,0.0,0.0,0.0
1464818235.4527535,0.0,0.0,0.0,0.0,0.0,0.0
1464818235.505237,0.0,0.0,0.0,0.0,0.0,0.0
1464818235.549864,0.0,0.0,0.0,0.0,0.0,0.0
1464818235.602833,0.0,0.0,0.0,0.0,0.0,0.0
1464818235.6529295,0.0,0.0,0.0,0.0,0.0,0.0
1464818235.70526,0.0,0.0,0.0,0.0,0.0,0.0
1464818235.7498999,0.0,0.0,0.0,0.0,0.0,0.0
1464818235.8028972,0.0,0.0,0.0,0.0,0.0,0.0
1464818235.8526616,0.0,0.0,0.0,0.0,0.0,0.0
1464818235.9052327,0.0,0.0,0.0,0.0,0.0,0.0
1464818235.9497592,0.0,0.0,0.0,0.0,0.0,0.0
1464818236.0028684,0.0,0.0,0.0,0.0,0.0,0.0
1464818236.0526257,0.0,0.0,0.0,0.0,0.0,0.0
1464818236.1052907,0.0,0.0,0.0,0.0,0.0,0.0
1464818236.1497788,0.0,0.0,0.0,0.0,0.0,0.0
1464818236.2028377,0.0,0.0,0.0,0.0,0.0,0.0
1464818236.2527192,0.0,0.0,0.0,0.0,0.0,0.0
1464818236.3053148,0.0,0.0,0.0,0.0,0.0,0.0
1464818236.3502703,0.0,0.0,0.0,0.0,0.0,0.0
1464818236.402971,0.0,0.0,0.0,0.0,0.0,0.0
1464818236.4527197,0.0,0.0,0.0,0.0,0.0,0.0
1464818236.5052667,0.0,0.0,0.0,0.0,0.0,0.0
1464818236.5498626,0.0,0.0,0.0,0.0,0.0,0.0
1464818236.6030202,0.0,0.0,0.0,0.0,0.0,0.0
1464818236.6527283,0.0,0.0,0.0,0.0,0.0,0.0
1464818236.705213,0.0,0.0,0.0,0.0,0.0,0.0
1464818236.7498622,0.0,0.0,0.0,0.0,0.0,0.0
1464818236.80288,0.0,0.0,0.0,0.0,0.0,0.0
1464818236.8529367,0.0,0.0,0.0,0.0,0.0,0.0
1464818236.905321,0.0,0.0,0.0,0.0,0.0,0.0
1464818236.949956,0.0,0.0,0.0,0.0,0.0,0.0
1464818237.0029974,0.0,0.0,0.0,0.0,0.0,0.0
1464818237.0528054,0.0,0.0,0.0,0.0,0.0,0.0
1464818237.1052072,0.0,0.0,0.0,0.0,0.0,0.0
1464818237.1498404,0.0,0.0,0.0,0.0,0.0,0.0
1464818237.2029655,0.0,0.0,0.0,0.0,0.0,0.0
1464818237.2525706,0.0,0.0,0.0,0.0,0.0,0.0
1464818237.3052378,0.0,0.0,0.0,0.0,0.0,0.0
1464818237.3499274,0.0,0.0,0.0,0.0,0.0,0.0
1464818237.402923,0.0,0.0,0.0,0.0,0.0,0.0
1464818237.4526634,0.0,0.0,0.0,0.0,0.0,0.0
1464818237.5055838,0.0,0.0,0.0,0.0,0.0,0.0
1464818237.5500326,0.0,0.0,0.0,0.0,0.0,0.0
1464818237.6034734,0.0,0.0,0.0,0.0,0.0,0.0
1464818237.6528044,0.0,0.0,0.0,0.0,0.0,0.0
1464818237.7054863,0.0,0.0,0.0,0.0,0.0,0.0
1464818237.7499683,0.0,0.0,0.0,0.0,0.0,0.0
1464818237.802966,0.0,0.0,0.0,0.0,0.0,0.0
1464818237.852799,0.0,0.0,0.0,0.0,0.0,0.0
1464818237.9055214,0.0,0.0,0.0,0.0,0.0,0.0
1464818237.9500897,0.0,0.0,0.0,0.0,0.0,0.0
1464818238.0030737,0.0,0.0,0.0,0.0,0.0,0.0
1464818238.0527623,0.0,0.0,0.0,0.0,0.0,0.0
1464818238.1054275,0.0,0.0,0.0,0.0,0.0,0.0
1464818238.150088,0.0,0.0,0.0,0.0,0.0,0.0
1464818238.203204,0.0,0.0,0.0,0.0,0.0,0.0
1464818238.2527483,0.0,0.0,0.0,0.0,0.0,0.0
1464818238.3053732,0.0,0.0,0.0,0.0,0.0,0.0
1464818238.3501108,0.0,0.0,0.0,0.0,0.0,0.0
1464818238.402994,0.0,0.0,0.0,0.0,0.0,0.0
1464818238.452932,0.0,0.0,0.0,0.0,0.0,0.0
1464818238.505375,0.0,0.0,0.0,0.0,0.0,0.0
1464818238.549985,0.0,0.0,0.0,0.0,0.0,0.0
1464818238.6031423,0.0,0.0,0.0,0.0,0.0,0.0
1464818238.6529047,0.0,0.0,0.0,0.0,0.0,0.0
1464818238.7061844,0.0,0.0,0.0,0.0,0.0,0.0
1464818238.749886,0.0,0.0,0.0,0.0,0.0,0.0
1464818238.8029652,0.0,0.0,0.0,0.0,0.0,0.0
1464818238.8527567,0.0,0.0,0.0,0.0,0.0,0.0
1464818238.9053829,0.0,0.0,0.0,0.0,0.0,0.0
1464818238.9499278,0.0,0.0,0.0,0.0,0.0,0.0
1464818239.003137,0.0,0.0,0.0,0.0,0.0,0.0
1464818239.0527675,0.0,0.0,0.0,0.0,0.0,0.0
1464818239.1054232,0.0,0.0,0.0,0.0,0.0,0.0
1464818239.149909,0.0,0.0,0.0,0.0,0.0,0.0
1464818239.2030828,0.0,0.0,0.0,0.0,0.0,0.0
1464818239.2528467,0.0,0.0,0.0,0.0,0.0,0.0
1464818239.305521,0.0,0.0,0.0,0.0,0.0,0.0
1464818239.3500552,0.0,0.0,0.0,0.0,0.0,0.0
1464818239.4033618,0.0,0.0,0.0,0.0,0.0,0.0
1464818239.452784,0.0,0.0,0.0,0.0,0.0,0.0
1464818239.505519,0.0,0.0,0.0,0.0,0.0,0.0
1464818239.5502722,0.0,0.0,0.0,0.0,0.0,0.0
1464818239.6031709,0.0,0.0,0.0,0.0,0.0,0.0
1464818239.6527686,0.0,0.0,0.0,0.0,0.0,0.0
1464818239.705565,0.0,0.0,0.0,0.0,0.0,0.0
1464818239.750043,0.0,0.0,0.0,0.0,0.0,0.0
1464818239.8031929,0.0,0.0,0.0,0.0,0.0,0.0
1464818239.8528678,0.0,0.0,0.0,0.0,0.0,0.0
1464818239.905564,0.0,0.0,0.0,0.0,0.0,0.0
1464818239.950047,0.0,0.0,0.0,0.0,0.0,0.0
1464818240.0033307,0.0,0.0,0.0,0.0,0.0,0.0
1464818240.0529943,0.0,0.0,0.0,0.0,0.0,0.0
1464818240.1055417,0.0,0.0,0.0,0.0,0.0,0.0
1464818240.1499972,0.0,0.0,0.0,0.0,0.0,0.0
1464818240.2031994,0.0,0.0,0.0,0.0,0.0,0.0
1464818240.252859,0.0,0.0,0.0,0.0,0.0,0.0
1464818240.3054762,0.0,0.0,0.0,0.0,0.0,0.0
1464818240.3499973,0.0,0.0,0.0,0.0,0.0,0.0
1464818240.403255,0.0,0.0,0.0,0.0,0.0,0.0
1464818240.4529188,0.0,0.0,0.0,0.0,0.0,0.0
1464818240.5055444,0.0,0.0,0.0,0.0,0.0,0.0
1464818240.5500553,0.0,0.0,0.0,0.0,0.0,0.0
1464818240.6032724,0.0,0.0,0.0,0.0,0.0,0.0
1464818240.652885,0.0,0.0,0.0,0.0,0.0,0.0
1464818240.7055814,0.0,0.0,0.0,0.0,0.0,0.0
1464818240.750154,0.0,0.0,0.0,0.0,0.0,0.0
1464818240.8034914,0.0,0.0,0.0,0.0,0.0,0.0
1464818240.8528457,0.0,0.0,0.0,0.0,0.0,0.0
1464818240.9056747,0.0,0.0,0.0,0.0,0.0,0.0
1464818240.9502501,0.0,0.0,0.0,0.0,0.0,0.0
1464818241.0033088,0.0,0.0,0.0,0.0,0.0,0.0
1464818241.0529878,0.0,0.0,0.0,0.0,0.0,0.0
1464818241.105651,0.0,0.0,0.0,0.0,0.0,0.0
1464818241.1502733,0.0,0.0,0.0,0.0,0.0,0.0
1464818241.2033632,0.0,0.0,0.0,0.0,0.0,0.0
1464818241.253094,0.0,0.0,0.0,0.0,0.0,0.0
1464818241.3054872,0.0,0.0,0.0,0.0,0.0,0.0
1464818241.3506672,0.0,0.0,0.0,0.0,0.0,0.0
1464818241.403319,0.0,0.0,0.0,0.0,0.0,0.0
1464818241.4529085,0.0,0.0,0.0,0.0,0.0,0.0
1464818241.5054083,0.0,0.0,0.0,0.0,0.0,0.0
1464818241.5503073,0.0,0.0,0.0,0.0,0.0,0.0
1464818241.6032083,0.0,0.0,0.0,0.0,0.0,0.0
1464818241.652993,0.0,0.0,0.0,0.0,0.0,0.0
1464818241.7055936,0.0,0.0,0.0,0.0,0.0,0.0
1464818241.7501614,0.0,0.0,0.0,0.0,0.0,0.0
1464818241.8031886,0.0,0.0,0.0,0.0,0.0,0.0
1464818241.8530676,0.0,0.0,0.0,0.0,0.0,0.0
1464818241.9057267,0.0,0.0,0.0,0.0,0.0,0.0
1464818241.9503222,0.0,0.0,0.0,0.0,0.0,0.0
1464818242.0033355,0.0,0.0,0.0,0.0,0.0,0.0
1464818242.0529861,0.0,0.0,0.0,0.0,0.0,0.0
1464818242.1054993,0.0,0.0,0.0,0.0,0.0,0.0
1464818242.150174,0.0,0.0,0.0,0.0,0.0,0.0
1464818242.203114,0.0,0.0,0.0,0.0,0.0,0.0
1464818242.2529619,0.0,0.0,0.0,0.0,0.0,0.0
1464818242.3054159,0.0,0.0,0.0,0.0,0.0,0.0
1464818242.350192,0.0,0.0,0.0,0.0,0.0,0.0
1464818242.4033635,0.0,0.0,0.0,0.0,0.0,0.0
1464818242.4528134,0.0,0.0,0.0,0.0,0.0,0.0
1464818242.505746,0.0,0.0,0.0,0.0,0.0,0.0
1464818242.5501437,0.0,0.0,0.0,0.0,0.0,0.0
1464818242.6035662,0.0,0.0,0.0,0.0,0.0,0.0
1464818242.653275,0.0,0.0,0.0,0.0,0.0,0.0
1464818242.7055573,0.0,0.0,0.0,0.0,0.0,0.0
1464818242.7501876,0.0,0.0,0.0,0.0,0.0,0.0
1464818242.8034136,0.0,0.0,0.0,0.0,0.0,0.0
1464818242.8530002,0.0,0.0,0.0,0.0,0.0,0.0
1464818242.9056907,0.0,0.0,0.0,0.0,0.0,0.0
1464818242.9503727,0.0,0.0,0.0,0.0,0.0,0.0
1464818243.0033052,0.0,0.0,0.0,0.0,0.0,0.0
1464818243.053136,0.0,0.0,0.0,0.0,0.0,0.0
1464818243.1056128,0.0,0.0,0.0,0.0,0.0,0.0
1464818243.150302,0.0,0.0,0.0,0.0,0.0,0.0
1464818243.2033544,0.0,0.0,0.0,0.0,0.0,0.0
1464818243.2529757,0.0,0.0,0.0,0.0,0.0,0.0
1464818243.3055484,0.0,0.0,0.0,0.0,0.0,0.0
1464818243.3503187,0.0,0.0,0.0,0.0,0.0,0.0
1464818243.4032528,0.0,0.0,0.0,0.0,0.0,0.0
1464818243.4528592,0.0,0.0,0.0,0.0,0.0,0.0
1464818243.5055492,0.0,0.0,0.0,0.0,0.0,0.0
1464818243.550208,0.0,0.0,0.0,0.0,0.0,0.0
1464818243.6031978,0.0,0.0,0.0,0.0,0.0,0.0
1464818243.6531792,0.0,0.0,0.0,0.0,0.0,0.0
1464818243.7056422,0.0,0.0,0.0,0.0,0.0,0.0
1464818243.7502255,0.0,0.0,0.0,0.0,0.0,0.0
1464818243.803212,0.0,0.0,0.0,0.0,0.0,0.0
1464818243.853037,0.0,0.0,0.0,0.0,0.0,0.0
1464818243.9055731,0.0,0.0,0.0,0.0,0.0,0.0
1464818243.9502742,0.0,0.0,0.0,0.0,0.0,0.0
1464818244.0032415,0.0,0.0,0.0,0.0,0.0,0.0
1464818244.052925,0.0,0.0,0.0,0.0,0.0,0.0
1464818244.105586,0.0,0.0,0.0,0.0,0.0,0.0
1464818244.1503148,0.0,0.0,0.0,0.0,0.0,0.0
1464818244.203204,0.0,0.0,0.0,0.0,0.0,0.0
1464818244.2529945,0.0,0.0,0.0,0.0,0.0,0.0
1464818244.3061206,0.0,0.0,0.0,0.0,0.0,0.0
1464818244.3503566,0.0,0.0,0.0,0.0,0.0,0.0
1464818244.4032564,0.0,0.0,0.0,0.0,0.0,0.0
1464818244.4529483,0.0,0.0,0.0,0.0,0.0,0.0
1464818244.5056677,0.0,0.0,0.0,0.0,0.0,0.0
1464818244.5502045,0.0,0.0,0.0,0.0,0.0,0.0
1464818244.603241,0.0,0.0,0.0,0.0,0.0,0.0
1464818244.6531134,0.0,0.0,0.0,0.0,0.0,0.0
1464818244.705577,0.0,0.0,0.0,0.0,0.0,0.0
1464818244.7503273,0.0,0.0,0.0,0.0,0.0,0.0
1464818244.8034503,0.0,0.0,0.0,0.0,0.0,0.0
1464818244.8530173,0.0,0.0,0.0,0.0,0.0,0.0
1464818244.9057307,0.0,0.0,0.0,0.0,0.0,0.0
1464818244.950503,0.0,0.0,0.0,0.0,0.0,0.0
1464818245.003502,0.0,0.0,0.0,0.0,0.0,0.0
1464818245.053344,0.0,0.0,0.0,0.0,0.0,0.0
1464818245.105815,0.0,0.0,0.0,0.0,0.0,0.0
1464818245.2026713,0.0,0.0,0.0,0.0,0.0,0.0
1464818245.2037487,0.0,0.0,0.0,0.0,0.0,0.0
1464818245.253321,0.0,0.0,0.0,0.0,0.0,0.0
1464818245.3059564,0.0,0.0,0.0,0.0,0.0,0.0
1464818245.3503675,0.0,0.0,0.0,0.0,0.0,0.0
1464818245.4033363,0.0,0.0,0.0,0.0,0.0,0.0
1464818245.4532201,0.0,0.0,0.0,0.0,0.0,0.0
1464818245.505632,0.0,0.0,0.0,0.0,0.0,0.0
1464818245.5502913,0.0,0.0,0.0,0.0,0.0,0.0
1464818245.6032665,0.0,0.0,0.0,0.0,0.0,0.0
1464818245.6536584,0.0,0.0,0.0,0.0,0.0,0.0
1464818245.7057378,0.0,0.0,0.0,0.0,0.0,0.0
1464818245.7503324,0.0,0.0,0.0,0.0,0.0,0.0
1464818245.8034062,0.0,0.0,0.0,0.0,0.0,0.0
1464818245.8530917,0.0,0.0,0.0,0.0,0.0,0.0
1464818245.90603,0.0,0.0,0.0,0.0,0.0,0.0
1464818245.9503818,0.0,0.0,0.0,0.0,0.0,0.0
1464818246.0034208,0.0,0.0,0.0,0.0,0.0,0.0
1464818246.0531862,0.0,0.0,0.0,0.0,0.0,0.0
1464818246.1058598,0.0,0.0,0.0,0.0,0.0,0.0
1464818246.1504042,0.0,0.0,0.0,0.0,0.0,0.0
1464818246.203349,0.0,0.0,0.0,0.0,0.0,0.0
1464818246.2531047,0.0,0.0,0.0,0.0,0.0,0.0
1464818246.3056443,0.0,0.0,0.0,0.0,0.0,0.0
1464818246.3502944,0.0,0.0,0.0,0.0,0.0,0.0
1464818246.4035609,0.0,0.0,0.0,0.0,0.0,0.0
1464818246.4531395,0.0,0.0,0.0,0.0,0.0,0.0
1464818246.5057688,0.0,0.0,0.0,0.0,0.0,0.0
1464818246.5505698,0.0,0.0,0.0,0.0,0.0,0.0
1464818246.6034603,0.0,0.0,0.0,0.0,0.0,0.0
1464818246.6536558,0.0,0.0,0.0,0.0,0.0,0.0
1464818246.7058797,0.0,0.0,0.0,0.0,0.0,0.0
1464818246.7505844,0.0,0.0,0.0,0.0,0.0,0.0
1464818246.8035057,0.0,0.0,0.0,0.0,0.0,0.0
1464818246.8533347,0.0,0.0,0.0,0.0,0.0,0.0
1464818246.9056432,0.0,0.0,0.0,0.0,0.0,0.0
1464818246.9504602,0.0,0.0,0.0,0.0,0.0,0.0
1464818247.003454,0.0,0.0,0.0,0.0,0.0,0.0
1464818247.0534577,0.0,0.0,0.0,0.0,0.0,0.0
1464818247.105997,0.0,0.0,0.0,0.0,0.0,0.0
1464818247.150444,0.0,0.0,0.0,0.0,0.0,0.0
1464818247.2034178,0.0,0.0,0.0,0.0,0.0,0.0
1464818247.253256,0.0,0.0,0.0,0.0,0.0,0.0
1464818247.3062418,0.0,0.0,0.0,0.0,0.0,0.0
1464818247.3504567,0.0,0.0,0.0,0.0,0.0,0.0
1464818247.4034727,0.0,0.0,0.0,0.0,0.0,0.0
1464818247.4532716,0.0,0.0,0.0,0.0,0.0,0.0
1464818247.505978,0.0,0.0,0.0,0.0,0.0,0.0
1464818247.550389,0.0,0.0,0.0,0.0,0.0,0.0
1464818247.6036036,0.0,0.0,0.0,0.0,0.0,0.0
1464818247.6533024,0.0,0.0,0.0,0.0,0.0,0.0
1464818247.7059393,0.0,0.0,0.0,0.0,0.0,0.0
1464818247.750438,0.0,0.0,0.0,0.0,0.0,0.0
1464818247.8034785,0.0,0.0,0.0,0.0,0.0,0.0
1464818247.8533118,0.0,0.0,0.0,0.0,0.0,0.0
1464818247.9060721,0.0,0.0,0.0,0.0,0.0,0.0
1464818247.9504912,0.0,0.0,0.0,0.0,0.0,0.0
1464818248.0037751,0.0,0.0,0.0,0.0,0.0,0.0
1464818248.0531423,0.0,0.0,0.0,0.0,0.0,0.0
1464818248.1058114,0.0,0.0,0.0,0.0,0.0,0.0
1464818248.1507065,0.0,0.0,0.0,0.0,0.0,0.0
1464818248.2034962,0.0,0.0,0.0,0.0,0.0,0.0
1464818248.253241,0.0,0.0,0.0,0.0,0.0,0.0
1464818248.305853,0.0,0.0,0.0,0.0,0.0,0.0
1464818248.3506653,0.0,0.0,0.0,0.0,0.0,0.0
1464818248.4037914,0.0,0.0,0.0,0.0,0.0,0.0
1464818248.4531872,0.0,0.0,0.0,0.0,0.0,0.0
1464818248.5058281,0.0,0.0,0.0,0.0,0.0,0.0
1464818248.5507352,0.0,0.0,0.0,0.0,0.0,0.0
1464818248.603501,0.0,0.0,0.0,0.0,0.0,0.0
1464818248.6538947,0.0,0.0,0.0,0.0,0.0,0.0
1464818248.705818,0.0,0.0,0.0,0.0,0.0,0.0
1464818248.7505693,0.0,0.0,0.0,0.0,0.0,0.0
1464818248.8035583,0.0,0.0,0.0,0.0,0.0,0.0
1464818248.8531156,0.0,0.0,0.0,0.0,0.0,0.0
1464818248.90594,0.0,0.0,0.0,0.0,0.0,0.0
1464818248.9505253,0.0,0.0,0.0,0.0,0.0,0.0
1464818249.0035896,0.0,0.0,0.0,0.0,0.0,0.0
1464818249.0536726,0.0,0.0,0.0,0.0,0.0,0.0
1464818249.1057332,0.0,0.0,0.0,0.0,0.0,0.0
1464818249.1504798,0.0,0.0,0.0,0.0,0.0,0.0
1464818249.2035058,0.0,0.0,0.0,0.0,0.0,0.0
1464818249.2533782,0.0,0.0,0.0,0.0,0.0,0.0
1464818249.305764,0.0,0.0,0.0,0.0,0.0,0.0
1464818249.350633,0.0,0.0,0.0,0.0,0.0,0.0
1464818249.4036765,0.0,0.0,0.0,0.0,0.0,0.0
1464818249.4534695,0.0,0.0,0.0,0.0,0.0,0.0
1464818249.5059214,0.0,0.0,0.0,0.0,0.0,0.0
1464818249.5508897,0.0,0.0,0.0,0.0,0.0,0.0
1464818249.6039526,0.0,0.0,0.0,0.0,0.0,0.0
1464818249.65399,0.0,0.0,0.0,0.0,0.0,0.0
1464818249.706117,0.0,0.0,0.0,0.0,0.0,0.0
1464818249.7504988,0.0,0.0,0.0,0.0,0.0,0.0
1464818249.8035207,0.0,0.0,0.0,0.0,0.0,0.0
1464818249.8533068,0.0,0.0,0.0,0.0,0.0,0.0
1464818249.9063518,0.0,0.0,0.0,0.0,0.0,0.0
1464818249.9507077,0.0,0.0,0.0,0.0,0.0,0.0
1464818250.0037277,0.0,0.0,0.0,0.0,0.0,0.0
1464818250.0536969,0.0,0.0,0.0,0.0,0.0,0.0
1464818250.1063335,0.0,0.0,0.0,0.0,0.0,0.0
1464818250.150825,0.0,0.0,0.0,0.0,0.0,0.0
1464818250.2038343,0.0,0.0,0.0,0.0,0.0,0.0
1464818250.2535093,0.0,0.0,0.0,0.0,0.0,0.0
1464818250.3057923,0.0,0.0,0.0,0.0,0.0,0.0
1464818250.3505757,0.0,0.0,0.0,0.0,0.0,0.0
1464818250.4036577,0.0,0.0,0.0,0.0,0.0,0.0
1464818250.4535334,0.0,0.0,0.0,0.0,0.0,0.0
1464818250.5058427,0.0,0.0,0.0,0.0,0.0,0.0
1464818250.5506263,0.0,0.0,0.0,0.0,0.0,0.0
1464818250.603562,0.0,0.0,0.0,0.0,0.0,0.0
1464818250.6536403,0.0,0.0,0.0,0.0,0.0,0.0
1464818250.706007,0.0,0.0,0.0,0.0,0.0,0.0
1464818250.7507849,0.0,0.0,0.0,0.0,0.0,0.0
1464818250.8035429,0.0,0.0,0.0,0.0,0.0,0.0
1464818250.8535235,0.0,0.0,0.0,0.0,0.0,0.0
1464818250.905841,0.0,0.0,0.0,0.0,0.0,0.0
1464818250.9505024,0.0,0.0,0.0,0.0,0.0,0.0
1464818251.003632,0.0,0.0,0.0,0.0,0.0,0.0
1464818251.0535178,0.0,0.0,0.0,0.0,0.0,0.0
1464818251.1064887,0.0,0.0,0.0,0.0,0.0,0.0
1464818251.150617,0.0,0.0,0.0,0.0,0.0,0.0
1464818251.2035718,0.0,0.0,0.0,0.0,0.0,0.0
1464818251.2535853,0.0,0.0,0.0,0.0,0.0,0.0
1464818251.3060167,0.0,0.0,0.0,0.0,0.0,0.0
1464818251.350522,0.0,0.0,0.0,0.0,0.0,0.0
1464818251.4036279,0.0,0.0,0.0,0.0,0.0,0.0
1464818251.4539726,0.0,0.0,0.0,0.0,0.0,0.0
1464818251.5061793,0.0,0.0,0.0,0.0,0.0,0.0
1464818251.5506206,0.0,0.0,0.0,0.0,0.0,0.0
1464818251.6038237,0.0,0.0,0.0,0.0,0.0,0.0
1464818251.6535044,0.0,0.0,0.0,0.0,0.0,0.0
1464818251.7060177,0.0,0.0,0.0,0.0,0.0,0.0
1464818251.7507823,0.0,0.0,0.0,0.0,0.0,0.0
1464818251.8035843,0.0,0.0,0.0,0.0,0.0,0.0
1464818251.8534184,0.0,0.0,0.0,0.0,0.0,0.0
1464818251.9059994,0.0,0.0,0.0,0.0,0.0,0.0
1464818251.9507911,0.0,0.0,0.0,0.0,0.0,0.0
1464818252.0038698,0.0,0.0,0.0,0.0,0.0,0.0
1464818252.0538018,0.0,0.0,0.0,0.0,0.0,0.0
1464818252.1064427,0.0,0.0,0.0,0.0,0.0,0.0
1464818252.1507256,0.0,0.0,0.0,0.0,0.0,0.0
1464818252.2037218,0.0,0.0,0.0,0.0,0.0,0.0
1464818252.2536674,0.0,0.0,0.0,0.0,0.0,0.0
1464818252.306692,0.0,0.0,0.0,0.0,0.0,0.0
1464818252.3509538,0.0,0.0,0.0,0.0,0.0,0.0
1464818252.403817,0.0,0.0,0.0,0.0,0.0,0.0
1464818252.4535718,0.0,0.0,0.0,0.0,0.0,0.0
1464818252.5060437,0.0,0.0,0.0,0.0,0.0,0.0
1464818252.5507224,0.0,0.0,0.0,0.0,0.0,0.0
1464818252.6036806,0.0,0.0,0.0,0.0,0.0,0.0
1464818252.6536605,0.0,0.0,0.0,0.0,0.0,0.0
1464818252.705997,0.0,0.0,0.0,0.0,0.0,0.0
1464818252.750572,0.0,0.0,0.0,0.0,0.0,0.0
1464818252.8037152,0.0,0.0,0.0,0.0,0.0,0.0
1464818252.8537383,0.0,0.0,0.0,0.0,0.0,0.0
1464818252.9062998,0.0,0.0,0.0,0.0,0.0,0.0
1464818252.9505646,0.0,0.0,0.0,0.0,0.0,0.0
1464818253.0038161,0.0,0.0,0.0,0.0,0.0,0.0
1464818253.053632,0.0,0.0,0.0,0.0,0.0,0.0
1464818253.1062,0.0,0.0,0.0,0.0,0.0,0.0
1464818253.1505754,0.0,0.0,0.0,0.0,0.0,0.0
1464818253.203698,0.0,0.0,0.0,0.0,0.0,0.0
1464818253.2535603,0.0,0.0,0.0,0.0,0.0,0.0
1464818253.3065577,0.0,0.0,0.0,0.0,0.0,0.0
1464818253.3506908,0.0,0.0,0.0,0.0,0.0,0.0
1464818253.4037392,0.0,0.0,0.0,0.0,0.0,0.0
1464818253.4536746,0.0,0.0,0.0,0.0,0.0,0.0
1464818253.5061562,0.0,0.0,0.0,0.0,0.0,0.0
1464818253.551067,0.0,0.0,0.0,0.0,0.0,0.0
1464818253.6039033,0.0,0.0,0.0,0.0,0.0,0.0
1464818253.6535442,0.0,0.0,0.0,0.0,0.0,0.0
1464818253.7060935,0.0,0.0,0.0,0.0,0.0,0.0
1464818253.7507164,0.0,0.0,0.0,0.0,0.0,0.0
1464818253.8035822,0.0,0.0,0.0,0.0,0.0,0.0
1464818253.8533883,0.0,0.0,0.0,0.0,0.0,0.0
1464818253.906235,0.0,0.0,0.0,0.0,0.0,0.0
1464818253.950684,0.0,0.0,0.0,0.0,0.0,0.0
1464818254.003704,0.0,0.0,0.0,0.0,0.0,0.0
1464818254.053671,0.0,0.0,0.0,0.0,0.0,0.0
1464818254.1062849,0.0,0.0,0.0,0.0,0.0,0.0
1464818254.150679,0.0,0.0,0.0,0.0,0.0,0.0
1464818254.203682,0.0,0.0,0.0,0.0,0.0,0.0
1464818254.25393,0.0,0.0,0.0,0.0,0.0,0.0
1464818254.3062077,0.0,0.0,0.0,0.0,0.0,0.0
1464818254.3506706,0.0,0.0,0.0,0.0,0.0,0.0
1464818254.4036922,0.0,0.0,0.0,0.0,0.0,0.0
1464818254.4536116,0.0,0.0,0.0,0.0,0.0,0.0
1464818254.5064476,0.0,0.0,0.0,0.0,0.0,0.0
1464818254.550619,0.0,0.0,0.0,0.0,0.0,0.0
1464818254.603754,0.0,0.0,0.0,0.0,0.0,0.0
1464818254.6535523,0.0,0.0,0.0,0.0,0.0,0.0
1464818254.7062209,0.0,0.0,0.0,0.0,0.0,0.0
1464818254.7506905,0.0,0.0,0.0,0.0,0.0,0.0
1464818254.803726,0.0,0.0,0.0,0.0,0.0,0.0
1464818254.853444,0.0,0.0,0.0,0.0,0.0,0.0
1464818254.906166,0.0,0.0,0.0,0.0,0.0,0.0
1464818254.9506552,0.0,0.0,0.0,0.0,0.0,0.0
1464818255.0037174,0.0,0.0,0.0,0.0,0.0,0.0
1464818255.0535264,0.0,0.0,0.0,0.0,0.0,0.0
1464818255.1061082,0.0,0.0,0.0,0.0,0.0,0.0
1464818255.150821,0.0,0.0,0.0,0.0,0.0,0.0
1464818255.2038605,0.0,0.0,0.0,0.0,0.0,0.0
1464818255.2539406,0.0,0.0,0.0,0.0,0.0,0.0
1464818255.3062897,0.0,0.0,0.0,0.0,0.0,0.0
1464818255.350609,0.0,0.0,0.0,0.0,0.0,0.0
1464818255.4040117,0.0,0.0,0.0,0.0,0.0,0.0
1464818255.4536524,0.0,0.0,0.0,0.0,0.0,0.0
1464818255.5063527,0.0,0.0,0.0,0.0,0.0,0.0
1464818255.550776,0.0,0.0,0.0,0.0,0.0,0.0
1464818255.603881,0.0,0.0,0.0,0.0,0.0,0.0
1464818255.653789,0.0,0.0,0.0,0.0,0.0,0.0
1464818255.706223,0.0,0.0,0.0,0.0,0.0,0.0
1464818255.7508326,0.0,0.0,0.0,0.0,0.0,0.0
1464818255.8037596,0.0,0.0,0.0,0.0,0.0,0.0
1464818255.8538506,0.0,0.0,0.0,0.0,0.0,0.0
1464818255.9062748,0.0,0.0,0.0,0.0,0.0,0.0
1464818255.9507532,0.0,0.0,0.0,0.0,0.0,0.0
1464818256.0037916,0.0,0.0,0.0,0.0,0.0,0.0
1464818256.0540864,0.0,0.0,0.0,0.0,0.0,0.0
1464818256.1063042,0.0,0.0,0.0,0.0,0.0,0.0
1464818256.1508167,0.0,0.0,0.0,0.0,0.0,0.0
1464818256.2037833,0.0,0.0,0.0,0.0,0.0,0.0
1464818256.2540357,0.0,0.0,0.0,0.0,0.0,0.0
1464818256.3063588,0.0,0.0,0.0,0.0,0.0,0.0
1464818256.3507314,0.0,0.0,0.0,0.0,0.0,0.0
1464818256.4038267,0.0,0.0,0.0,0.0,0.0,0.0
1464818256.4535737,0.0,0.0,0.0,0.0,0.0,0.0
1464818256.5063388,0.0,0.0,0.0,0.0,0.0,0.0
1464818256.5507708,0.0,0.0,0.0,0.0,0.0,0.0
1464818256.6039207,0.0,0.0,0.0,0.0,0.0,0.0
1464818256.6538098,0.0,0.0,0.0,0.0,0.0,0.0
1464818256.7061908,0.0,0.0,0.0,0.0,0.0,0.0
1464818256.7508018,0.0,0.0,0.0,0.0,0.0,0.0
1464818256.803739,0.0,0.0,0.0,0.0,0.0,0.0
1464818256.853637,0.0,0.0,0.0,0.0,0.0,0.0
1464818256.9065354,0.0,0.0,0.0,0.0,0.0,0.0
1464818256.950813,0.0,0.0,0.0,0.0,0.0,0.0
1464818257.0038795,0.0,0.0,0.0,0.0,0.0,0.0
1464818257.0536585,0.0,0.0,0.0,0.0,0.0,0.0
1464818257.1063201,0.0,0.0,0.0,0.0,0.0,0.0
1464818257.1507905,0.0,0.0,0.0,0.0,0.0,0.0
1464818257.203894,0.0,0.0,0.0,0.0,0.0,0.0
1464818257.2537727,0.0,0.0,0.0,0.0,0.0,0.0
1464818257.3061965,0.0,0.0,0.0,0.0,0.0,0.0
1464818257.3508687,0.0,0.0,0.0,0.0,0.0,0.0
1464818257.4039388,0.0,0.0,0.0,0.0,0.0,0.0
1464818257.4537866,0.0,0.0,0.0,0.0,0.0,0.0
1464818257.506534,0.0,0.0,0.0,0.0,0.0,0.0
1464818257.550973,0.0,0.0,0.0,0.0,0.0,0.0
1464818257.6038432,0.0,0.0,0.0,0.0,0.0,0.0
1464818257.6537566,0.0,0.0,0.0,0.0,0.0,0.0
1464818257.7062688,0.0,0.0,0.0,0.0,0.0,0.0
1464818257.7507827,0.0,0.0,0.0,0.0,0.0,0.0
1464818257.803987,0.0,0.0,0.0,0.0,0.0,0.0
1464818257.853402,0.0,0.0,0.0,0.0,0.0,0.0
1464818257.906561,0.0,0.0,0.0,0.0,0.0,0.0
1464818257.9509215,0.0,0.0,0.0,0.0,0.0,0.0
1464818258.0038626,0.0,0.0,0.0,0.0,0.0,0.0
1464818258.0536764,0.0,0.0,0.0,0.0,0.0,0.0
1464818258.1062422,0.0,0.0,0.0,0.0,0.0,0.0
1464818258.1508405,0.0,0.0,0.0,0.0,0.0,0.0
1464818258.2039237,0.0,0.0,0.0,0.0,0.0,0.0
1464818258.2536998,0.0,0.0,0.0,0.0,0.0,0.0
1464818258.306484,0.0,0.0,0.0,0.0,0.0,0.0
1464818258.35086,0.0,0.0,0.0,0.0,0.0,0.0
1464818258.40393,0.0,0.0,0.0,0.0,0.0,0.0
1464818258.4537451,0.0,0.0,0.0,0.0,0.0,0.0
1464818258.506409,0.0,0.0,0.0,0.0,0.0,0.0
1464818258.5509543,0.0,0.0,0.0,0.0,0.0,0.0
1464818258.6040304,0.0,0.0,0.0,0.0,0.0,0.0
1464818258.6533818,0.0,0.0,0.0,0.0,0.0,0.0
1464818258.7066152,0.0,0.0,0.0,0.0,0.0,0.0
1464818258.751082,0.0,0.0,0.0,0.0,0.0,0.0
1464818258.8040354,0.0,0.0,0.0,0.0,0.0,0.0
1464818258.8535717,0.0,0.0,0.0,0.0,0.0,0.0
1464818258.9063535,0.0,0.0,0.0,0.0,0.0,0.0
1464818258.9510016,0.0,0.0,0.0,0.0,0.0,0.0
1464818259.0041263,0.0,0.0,0.0,0.0,0.0,0.0
1464818259.0534823,0.0,0.0,0.0,0.0,0.0,0.0
1464818259.1063776,0.0,0.0,0.0,0.0,0.0,0.0
1464818259.1511838,0.0,0.0,0.0,0.0,0.0,0.0
1464818259.2040124,0.0,0.0,0.0,0.0,0.0,0.0
1464818259.2539563,0.0,0.0,0.0,0.0,0.0,0.0
1464818259.3063269,0.0,0.0,0.0,0.0,0.0,0.0
1464818259.350922,0.0,0.0,0.0,0.0,0.0,0.0
1464818259.4040523,0.0,0.0,0.0,0.0,0.0,0.0
1464818259.4537683,0.0,0.0,0.0,0.0,0.0,0.0
1464818259.5062506,0.0,0.0,0.0,0.0,0.0,0.0
1464818259.5510874,0.0,0.0,0.0,0.0,0.0,0.0
1464818259.6039798,0.0,0.0,0.0,0.0,0.0,0.0
1464818259.6545866,0.0,0.0,0.0,0.0,0.0,0.0
1464818259.7063437,0.0,0.0,0.0,0.0,0.0,0.0
1464818259.7511485,0.0,0.0,0.0,0.0,0.0,0.0
1464818259.803996,0.0,0.0,0.0,0.0,0.0,0.0
1464818259.853737,0.0,0.0,0.0,0.0,0.0,0.0
1464818259.9065225,0.0,0.0,0.0,0.0,0.0,0.0
1464818259.9510338,0.0,0.0,0.0,0.0,0.0,0.0
1464818260.0041153,0.0,0.0,0.0,0.0,0.0,0.0
1464818260.0540392,0.0,0.0,0.0,0.0,0.0,0.0
1464818260.10651,0.0,0.0,0.0,0.0,0.0,0.0
1464818260.1511064,0.0,0.0,0.0,0.0,0.0,0.0
1464818260.2040448,0.0,0.0,0.0,0.0,0.0,0.0
1464818260.2539139,0.0,0.0,0.0,0.0,0.0,0.0
1464818260.3064654,0.0,0.0,0.0,0.0,0.0,0.0
1464818260.351321,0.0,0.0,0.0,0.0,0.0,0.0
1464818260.4040074,0.0,0.0,0.0,0.0,0.0,0.0
1464818260.4536493,0.0,0.0,0.0,0.0,0.0,0.0
1464818260.5063543,0.0,0.0,0.0,0.0,0.0,0.0
1464818260.551134,0.0,0.0,0.0,0.0,0.0,0.0
1464818260.6044705,0.0,0.0,0.0,0.0,0.0,0.0
1464818260.6538098,0.0,0.0,0.0,0.0,0.0,0.0
1464818260.706453,0.0,0.0,0.0,0.0,0.0,0.0
1464818260.7512953,0.0,0.0,0.0,0.0,0.0,0.0
1464818260.8040245,0.0,0.0,0.0,0.0,0.0,0.0
1464818260.853846,0.0,0.0,0.0,0.0,0.0,0.0
1464818260.9065788,0.0,0.0,0.0,0.0,0.0,0.0
1464818260.9511304,0.0,0.0,0.0,0.0,0.0,0.0
1464818261.0042326,0.0,0.0,0.0,0.0,0.0,0.0
1464818261.053889,0.0,0.0,0.0,0.0,0.0,0.0
1464818261.106519,0.0,0.0,0.0,0.0,0.0,0.0
1464818261.1512113,0.0,0.0,0.0,0.0,0.0,0.0
1464818261.2040827,0.0,0.0,0.0,0.0,0.0,0.0
1464818261.253845,0.0,0.0,0.0,0.0,0.0,0.0
1464818261.3064475,0.0,0.0,0.0,0.0,0.0,0.0
1464818261.3509307,0.0,0.0,0.0,0.0,0.0,0.0
1464818261.403913,0.0,0.0,0.0,0.0,0.0,0.0
1464818261.4538229,0.0,0.0,0.0,0.0,0.0,0.0
1464818261.5065062,0.0,0.0,0.0,0.0,0.0,0.0
1464818261.550992,0.0,0.0,0.0,0.0,0.0,0.0
1464818261.6042147,0.0,0.0,0.0,0.0,0.0,0.0
1464818261.653947,0.0,0.0,0.0,0.0,0.0,0.0
1464818261.7065442,0.0,0.0,0.0,0.0,0.0,0.0
1464818261.7511418,0.0,0.0,0.0,0.0,0.0,0.0
1464818261.8041024,0.0,0.0,0.0,0.0,0.0,0.0
1464818261.854015,0.0,0.0,0.0,0.0,0.0,0.0
1464818261.906508,0.0,0.0,0.0,0.0,0.0,0.0
1464818261.9511588,0.0,0.0,0.0,0.0,0.0,0.0
1464818262.0040374,0.0,0.0,0.0,0.0,0.0,0.0
1464818262.0538697,0.0,0.0,0.0,0.0,0.0,0.0
1464818262.1065564,0.0,0.0,0.0,0.0,0.0,0.0
1464818262.1512496,0.0,0.0,0.0,0.0,0.0,0.0
1464818262.2039993,0.0,0.0,0.0,0.0,0.0,0.0
1464818262.2539651,0.0,0.0,0.0,0.0,0.0,0.0
1464818262.3064682,0.0,0.0,0.0,0.0,0.0,0.0
1464818262.3511508,0.0,0.0,0.0,0.0,0.0,0.0
1464818262.404065,0.0,0.0,0.0,0.0,0.0,0.0
1464818262.454012,0.0,0.0,0.0,0.0,0.0,0.0
1464818262.506498,0.0,0.0,0.0,0.0,0.0,0.0
1464818262.5509543,0.0,0.0,0.0,0.0,0.0,0.0
1464818262.6041527,0.0,0.0,0.0,0.0,0.0,0.0
1464818262.6541636,0.0,0.0,0.0,0.0,0.0,0.0
1464818262.7065303,0.0,0.0,0.0,0.0,0.0,0.0
1464818262.7511954,0.0,0.0,0.0,0.0,0.0,0.0
1464818262.8043246,0.0,0.0,0.0,0.0,0.0,0.0
1464818262.853902,0.0,0.0,0.0,0.0,0.0,0.0
1464818262.9065833,0.0,0.0,0.0,0.0,0.0,0.0
1464818262.9513893,0.0,0.0,0.0,0.0,0.0,0.0
1464818263.0042288,0.0,0.0,0.0,0.0,0.0,0.0
1464818263.0540967,0.0,0.0,0.0,0.0,0.0,0.0
1464818263.1066263,0.0,0.0,0.0,0.0,0.0,0.0
1464818263.1511443,0.0,0.0,0.0,0.0,0.0,0.0
1464818263.2043064,0.0,0.0,0.0,0.0,0.0,0.0
1464818263.2541873,0.0,0.0,0.0,0.0,0.0,0.0
1464818263.3068929,0.0,0.0,0.0,0.0,0.0,0.0
1464818263.35122,0.0,0.0,0.0,0.0,0.0,0.0
1464818263.4040525,0.0,0.0,0.0,0.0,0.0,0.0
1464818263.4539537,0.0,0.0,0.0,0.0,0.0,0.0
1464818263.5066876,0.0,0.0,0.0,0.0,0.0,0.0
1464818263.5509841,0.0,0.0,0.0,0.0,0.0,0.0
1464818263.6043758,0.0,0.0,0.0,0.0,0.0,0.0
1464818263.6539834,0.0,0.0,0.0,0.0,0.0,0.0
1464818263.7065344,0.0,0.0,0.0,0.0,0.0,0.0
1464818263.7512891,0.0,0.0,0.0,0.0,0.0,0.0
1464818263.8045204,0.0,0.0,0.0,0.0,0.0,0.0
1464818263.8540704,0.0,0.0,0.0,0.0,0.0,0.0
1464818263.9066377,0.0,0.0,0.0,0.0,0.0,0.0
1464818263.9513204,0.0,0.0,0.0,0.0,0.0,0.0
1464818264.004351,0.0,0.0,0.0,0.0,0.0,0.0
1464818264.0540257,0.0,0.0,0.0,0.0,0.0,0.0
1464818264.1065454,0.0,0.0,0.0,0.0,0.0,0.0
1464818264.1510637,0.0,0.0,0.0,0.0,0.0,0.0
1464818264.2043266,0.0,0.0,0.0,0.0,0.0,0.0
1464818264.2539582,0.0,0.0,0.0,0.0,0.0,0.0
1464818264.3066478,0.0,0.0,0.0,0.0,0.0,0.0
1464818264.351303,0.0,0.0,0.0,0.0,0.0,0.0
1464818264.4042552,0.0,0.0,0.0,0.0,0.0,0.0
1464818264.4540308,0.0,0.0,0.0,0.0,0.0,0.0
1464818264.506646,0.0,0.0,0.0,0.0,0.0,0.0
1464818264.5512743,0.0,0.0,0.0,0.0,0.0,0.0
1464818264.6042533,0.0,0.0,0.0,0.0,0.0,0.0
1464818264.654017,0.0,0.0,0.0,0.0,0.0,0.0
1464818264.7066827,0.0,0.0,0.0,0.0,0.0,0.0
1464818264.7512248,0.0,0.0,0.0,0.0,0.0,0.0
1464818264.8041134,0.0,0.0,0.0,0.0,0.0,0.0
1464818264.8539653,0.0,0.0,0.0,0.0,0.0,0.0
1464818264.906788,0.0,0.0,0.0,0.0,0.0,0.0
1464818264.9513361,0.0,0.0,0.0,0.0,0.0,0.0
1464818265.0040421,0.0,0.0,0.0,0.0,0.0,0.0
1464818265.0539706,0.0,0.0,0.0,0.0,0.0,0.0
1464818265.1068633,0.0,0.0,0.0,0.0,0.0,0.0
1464818265.1513689,0.0,0.0,0.0,0.0,0.0,0.0
1464818265.2042167,0.0,0.0,0.0,0.0,0.0,0.0
1464818265.2540355,0.0,0.0,0.0,0.0,0.0,0.0
1464818265.3069947,0.0,0.0,0.0,0.0,0.0,0.0
1464818265.351151,0.0,0.0,0.0,0.0,0.0,0.0
1464818265.4043026,0.0,0.0,0.0,0.0,0.0,0.0
1464818265.4542027,0.0,0.0,0.0,0.0,0.0,0.0
1464818265.5065188,0.0,0.0,0.0,0.0,0.0,0.0
1464818265.5514019,0.0,0.0,0.0,0.0,0.0,0.0
1464818265.6046367,0.0,0.0,0.0,0.0,0.0,0.0
1464818265.6541684,0.0,0.0,0.0,0.0,0.0,0.0
1464818265.706845,0.0,0.0,0.0,0.0,0.0,0.0
1464818265.7512915,0.0,0.0,0.0,0.0,0.0,0.0
1464818265.8043213,0.0,0.0,0.0,0.0,0.0,0.0
1464818265.8540473,0.0,0.0,0.0,0.0,0.0,0.0
1464818265.906588,0.0,0.0,0.0,0.0,0.0,0.0
1464818265.9512892,0.0,0.0,0.0,0.0,0.0,0.0
1464818266.0043616,0.0,0.0,0.0,0.0,0.0,0.0
1464818266.0542107,0.0,0.0,0.0,0.0,0.0,0.0
1464818266.106656,0.0,0.0,0.0,0.0,0.0,0.0
1464818266.1512203,0.0,0.0,0.0,0.0,0.0,0.0
1464818266.2043166,0.0,0.0,0.0,0.0,0.0,0.0
1464818266.254178,0.0,0.0,0.0,0.0,0.0,0.0
1464818266.3069048,0.0,0.0,0.0,0.0,0.0,0.0
1464818266.3514302,0.0,0.0,0.0,0.0,0.0,0.0
1464818266.4042904,0.0,0.0,0.0,0.0,0.0,0.0
1464818266.4540355,0.0,0.0,0.0,0.0,0.0,0.0
1464818266.5065367,0.0,0.0,0.0,0.0,0.0,0.0
1464818266.5511668,0.0,0.0,0.0,0.0,0.0,0.0
1464818266.604182,0.0,0.0,0.0,0.0,0.0,0.0
1464818266.6541364,0.0,0.0,0.0,0.0,0.0,0.0
1464818266.7066598,0.0,0.0,0.0,0.0,0.0,0.0
1464818266.7512383,0.0,0.0,0.0,0.0,0.0,0.0
1464818266.8050203,0.0,0.0,0.0,0.0,0.0,0.0
1464818266.854074,0.0,0.0,0.0,0.0,0.0,0.0
1464818266.9066765,0.0,0.0,0.0,0.0,0.0,0.0
1464818266.951367,0.0,0.0,0.0,0.0,0.0,0.0
1464818267.0051188,0.0,0.0,0.0,0.0,0.0,0.0
1464818267.0542948,0.0,0.0,0.0,0.0,0.0,0.0
1464818267.1067696,0.0,0.0,0.0,0.0,0.0,0.0
1464818267.1512406,0.0,0.0,0.0,0.0,0.0,0.0
1464818267.2042387,0.0,0.0,0.0,0.0,0.0,0.0
1464818267.254369,0.0,0.0,0.0,0.0,0.0,0.0
1464818267.3065753,0.0,0.0,0.0,0.0,0.0,0.0
1464818267.3514473,0.0,0.0,0.0,0.0,0.0,0.0
1464818267.4049664,0.0,0.0,0.0,0.0,0.0,0.0
1464818267.4540627,0.0,0.0,0.0,0.0,0.0,0.0
1464818267.50665,0.0,0.0,0.0,0.0,0.0,0.0
1464818267.5514064,0.0,0.0,0.0,0.0,0.0,0.0
1464818267.6046197,0.0,0.0,0.0,0.0,0.0,0.0
1464818267.6537442,0.0,0.0,0.0,0.0,0.0,0.0
1464818267.7068315,0.0,0.0,0.0,0.0,0.0,0.0
1464818267.7529411,0.0,0.0,0.0,0.0,0.0,0.0
1464818267.8045046,0.0,0.0,0.0,0.0,0.0,0.0
1464818267.8543217,0.0,0.0,0.0,0.0,0.0,0.0
1464818267.9068878,0.0,0.0,0.0,0.0,0.0,0.0
1464818267.9516468,0.0,0.0,0.0,0.0,0.0,0.0
1464818268.0044732,0.0,0.0,0.0,0.0,0.0,0.0
1464818268.0558922,0.0,0.0,0.0,0.0,0.0,0.0
1464818268.1068096,0.0,0.0,0.0,0.0,0.0,0.0
1464818268.151764,0.0,0.0,0.0,0.0,0.0,0.0
1464818268.2042537,0.0,0.0,0.0,0.0,0.0,0.0
1464818268.2540405,0.0,0.0,0.0,0.0,0.0,0.0
1464818268.3067546,0.0,0.0,0.0,0.0,0.0,0.0
1464818268.3515203,0.0,0.0,0.0,0.0,0.0,0.0
1464818268.4043393,0.0,0.0,0.0,0.0,0.0,0.0
1464818268.453924,0.0,0.0,0.0,0.0,0.0,0.0
1464818268.5067384,0.0,0.0,0.0,0.0,0.0,0.0
1464818268.5513225,0.0,0.0,0.0,0.0,0.0,0.0
1464818268.6043904,0.0,0.0,0.0,0.0,0.0,0.0
1464818268.6538832,0.0,0.0,0.0,0.0,0.0,0.0
1464818268.707014,0.0,0.0,0.0,0.0,0.0,0.0
1464818268.7514138,0.0,0.0,0.0,0.0,0.0,0.0
1464818268.8045068,0.0,0.0,0.0,0.0,0.0,0.0
1464818268.85389,0.0,0.0,0.0,0.0,0.0,0.0
1464818268.906663,0.0,0.0,0.0,0.0,0.0,0.0
1464818268.9512277,0.0,0.0,0.0,0.0,0.0,0.0
1464818269.0049286,0.0,0.0,0.0,0.0,0.0,0.0
1464818269.054105,0.0,0.0,0.0,0.0,0.0,0.0
1464818269.1066396,0.0,0.0,0.0,0.0,0.0,0.0
1464818269.1513975,0.0,0.0,0.0,0.0,0.0,0.0
1464818269.204312,0.0,0.0,0.0,0.0,0.0,0.0
1464818269.254023,0.0,0.0,0.0,0.0,0.0,0.0
1464818269.3066356,0.0,0.0,0.0,0.0,0.0,0.0
1464818269.3514612,0.0,0.0,0.0,0.0,0.0,0.0
1464818269.4043965,0.0,0.0,0.0,0.0,0.0,0.0
1464818269.4539428,0.0,0.0,0.0,0.0,0.0,0.0
1464818269.5067923,0.0,0.0,0.0,0.0,0.0,0.0
1464818269.55144,0.0,0.0,0.0,0.0,0.0,0.0
1464818269.6044486,0.0,0.0,0.0,0.0,0.0,0.0
1464818269.654252,0.0,0.0,0.0,0.0,0.0,0.0
1464818269.7068012,0.0,0.0,0.0,0.0,0.0,0.0
1464818269.751416,0.0,0.0,0.0,0.0,0.0,0.0
1464818269.8044276,0.0,0.0,0.0,0.0,0.0,0.0
1464818269.8541875,0.0,0.0,0.0,0.0,0.0,0.0
1464818269.9067566,0.0,0.0,0.0,0.0,0.0,0.0
1464818269.9514701,0.0,0.0,0.0,0.0,0.0,0.0
1464818270.0046368,0.0,0.0,0.0,0.0,0.0,0.0
1464818270.054255,0.0,0.0,0.0,0.0,0.0,0.0
1464818270.106704,0.0,0.0,0.0,0.0,0.0,0.0
1464818270.1517625,0.0,0.0,0.0,0.0,0.0,0.0
1464818270.2043927,0.0,0.0,0.0,0.0,0.0,0.0
1464818270.254121,0.0,0.0,0.0,0.0,0.0,0.0
1464818270.3068092,0.0,0.0,0.0,0.0,0.0,0.0
1464818270.3517327,0.0,0.0,0.0,0.0,0.0,0.0
1464818270.4044602,0.0,0.0,0.0,0.0,0.0,0.0
1464818270.4543386,0.0,0.0,0.0,0.0,0.0,0.0
1464818270.506791,0.0,0.0,0.0,0.0,0.0,0.0
1464818270.5514657,0.0,0.0,0.0,0.0,0.0,0.0
1464818270.6043673,0.0,0.0,0.0,0.0,0.0,0.0
1464818270.6540914,0.0,0.0,0.0,0.0,0.0,0.0
1464818270.7068288,0.0,0.0,0.0,0.0,0.0,0.0
1464818270.7515144,0.0,0.0,0.0,0.0,0.0,0.0
1464818270.8046463,0.0,0.0,0.0,0.0,0.0,0.0
1464818270.8543174,0.0,0.0,0.0,0.0,0.0,0.0
1464818270.9069657,0.0,0.0,0.0,0.0,0.0,0.0
1464818270.9516287,0.0,0.0,0.0,0.0,0.0,0.0
1464818271.004615,0.0,0.0,0.0,0.0,0.0,0.0
1464818271.0540128,0.0,0.0,0.0,0.0,0.0,0.0
1464818271.106749,0.0,0.0,0.0,0.0,0.0,0.0
1464818271.1515179,0.0,0.0,0.0,0.0,0.0,0.0
1464818271.20465,0.0,0.0,0.0,0.0,0.0,0.0
1464818271.2537851,0.0,0.0,0.0,0.0,0.0,0.0
1464818271.3067756,0.0,0.0,0.0,0.0,0.0,0.0
1464818271.3518178,0.0,0.0,0.0,0.0,0.0,0.0
1464818271.4045756,0.0,0.0,0.0,0.0,0.0,0.0
1464818271.4541206,0.0,0.0,0.0,0.0,0.0,0.0
1464818271.5068798,0.0,0.0,0.0,0.0,0.0,0.0
1464818271.5513568,0.0,0.0,0.0,0.0,0.0,0.0
1464818271.6045356,0.0,0.0,0.0,0.0,0.0,0.0
1464818271.6542516,0.0,0.0,0.0,0.0,0.0,0.0
1464818271.7071009,0.0,0.0,0.0,0.0,0.0,0.0
1464818271.751454,0.0,0.0,0.0,0.0,0.0,0.0
1464818271.8046966,0.0,0.0,0.0,0.0,0.0,0.0
1464818271.8541908,0.0,0.0,0.0,0.0,0.0,0.0
1464818271.906932,0.0,0.0,0.0,0.0,0.0,0.0
1464818271.951606,0.0,0.0,0.0,0.0,0.0,0.0
1464818272.0044575,0.0,0.0,0.0,0.0,0.0,0.0
1464818272.0542984,0.0,0.0,0.0,0.0,0.0,0.0
1464818272.107059,0.0,0.0,0.0,0.0,0.0,0.0
1464818272.151619,0.0,0.0,0.0,0.0,0.0,0.0
1464818272.204398,0.0,0.0,0.0,0.0,0.0,0.0
1464818272.254324,0.0,0.0,0.0,0.0,0.0,0.0
1464818272.308005,0.0,0.0,0.0,0.0,0.0,0.0
1464818272.3515275,0.0,0.0,0.0,0.0,0.0,0.0
1464818272.4046173,0.0,0.0,0.0,0.0,0.0,0.0
1464818272.4539294,0.0,0.0,0.0,0.0,0.0,0.0
1464818272.5069618,0.0,0.0,0.0,0.0,0.0,0.0
1464818272.5513594,0.0,0.0,0.0,0.0,0.0,0.0
1464818272.6044385,0.0,0.0,0.0,0.0,0.0,0.0
1464818272.6540587,0.0,0.0,0.0,0.0,0.0,0.0
1464818272.7070234,0.0,0.0,0.0,0.0,0.0,0.0
1464818272.751537,0.0,0.0,0.0,0.0,0.0,0.0
1464818272.8050134,0.0,0.0,0.0,0.0,0.0,0.0
1464818272.854269,0.0,0.0,0.0,0.0,0.0,0.0
1464818272.9068403,0.0,0.0,0.0,0.0,0.0,0.0
1464818272.9514163,0.0,0.0,0.0,0.0,0.0,0.0
1464818273.0044818,0.0,0.0,0.0,0.0,0.0,0.0
1464818273.0543542,0.0,0.0,0.0,0.0,0.0,0.0
1464818273.106974,0.0,0.0,0.0,0.0,0.0,0.0
1464818273.1514559,0.0,0.0,0.0,0.0,0.0,0.0
1464818273.2051542,0.0,0.0,0.0,0.0,0.0,0.0
1464818273.2542896,0.0,0.0,0.0,0.0,0.0,0.0
1464818273.3068821,0.0,0.0,0.0,0.0,0.0,0.0
1464818273.3515036,0.0,0.0,0.0,0.0,0.0,0.0
1464818273.4044712,0.0,0.0,0.0,0.0,0.0,0.0
1464818273.454459,0.0,0.0,0.0,0.0,0.0,0.0
1464818273.5072534,0.0,0.0,0.0,0.0,0.0,0.0
1464818273.5515556,0.0,0.0,0.0,0.0,0.0,0.0
1464818273.6046052,0.0,0.0,0.0,0.0,0.0,0.0
1464818273.65416,0.0,0.0,0.0,0.0,0.0,0.0
1464818273.7071426,0.0,0.0,0.0,0.0,0.0,0.0
1464818273.7516458,0.0,0.0,0.0,0.0,0.0,0.0
1464818273.8047056,0.0,0.0,0.0,0.0,0.0,0.0
1464818273.854241,0.0,0.0,0.0,0.0,0.0,0.0
1464818273.9069054,0.0,0.0,0.0,0.0,0.0,0.0
1464818273.9516318,0.0,0.0,0.0,0.0,0.0,0.0
1464818274.0051963,0.0,0.0,0.0,0.0,0.0,0.0
1464818274.0545924,0.0,0.0,0.0,0.0,0.0,0.0
1464818274.1069427,0.0,0.0,0.0,0.0,0.0,0.0
1464818274.1516151,0.0,0.0,0.0,0.0,0.0,0.0
1464818274.2045176,0.0,0.0,0.0,0.0,0.0,0.0
1464818274.2543838,0.0,0.0,0.0,0.0,0.0,0.0
1464818274.306905,0.0,0.0,0.0,0.0,0.0,0.0
1464818274.3516192,0.0,0.0,0.0,0.0,0.0,0.0
1464818274.4047694,0.0,0.0,0.0,0.0,0.0,0.0
1464818274.4540396,0.0,0.0,0.0,0.0,0.0,0.0
1464818274.506898,0.0,0.0,0.0,0.0,0.0,0.0
1464818274.5516562,0.0,0.0,0.0,0.0,0.0,0.0
1464818274.604681,0.0,0.0,0.0,0.0,0.0,0.0
1464818274.6542327,0.0,0.0,0.0,0.0,0.0,0.0
1464818274.7069745,0.0,0.0,0.0,0.0,0.0,0.0
1464818274.7516396,0.0,0.0,0.0,0.0,0.0,0.0
1464818274.8046322,0.0,0.0,0.0,0.0,0.0,0.0
1464818274.854152,0.0,0.0,0.0,0.0,0.0,0.0
1464818274.9069633,0.0,0.0,0.0,0.0,0.0,0.0
1464818274.9516833,0.0,0.0,0.0,0.0,0.0,0.0
1464818275.0046248,0.0,0.0,0.0,0.0,0.0,0.0
1464818275.0544884,0.0,0.0,0.0,0.0,0.0,0.0
1464818275.106957,0.0,0.0,0.0,0.0,0.0,0.0
1464818275.15161,0.0,0.0,0.0,0.0,0.0,0.0
1464818275.2046077,0.0,0.0,0.0,0.0,0.0,0.0
1464818275.254173,0.0,0.0,0.0,0.0,0.0,0.0
1464818275.3069055,0.0,0.0,0.0,0.0,0.0,0.0
1464818275.3515134,0.0,0.0,0.0,0.0,0.0,0.0
1464818275.4046266,0.0,0.0,0.0,0.0,0.0,0.0
1464818275.4542677,0.0,0.0,0.0,0.0,0.0,0.0
1464818275.5070732,0.0,0.0,0.0,0.0,0.0,0.0
1464818275.551612,0.0,0.0,0.0,0.0,0.0,0.0
1464818275.604636,0.0,0.0,0.0,0.0,0.0,0.0
1464818275.654222,0.0,0.0,0.0,0.0,0.0,0.0
1464818275.7072384,0.0,0.0,0.0,0.0,0.0,0.0
1464818275.751525,0.0,0.0,0.0,0.0,0.0,0.0
1464818275.804627,0.0,0.0,0.0,0.0,0.0,0.0
1464818275.8543165,0.0,0.0,0.0,0.0,0.0,0.0
1464818275.9071152,0.0,0.0,0.0,0.0,0.0,0.0
1464818275.9516048,0.0,0.0,0.0,0.0,0.0,0.0
1464818276.0045905,0.0,0.0,0.0,0.0,0.0,0.0
1464818276.05439,0.0,0.0,0.0,0.0,0.0,0.0
1464818276.1072628,0.0,0.0,0.0,0.0,0.0,0.0
1464818276.1518643,0.0,0.0,0.0,0.0,0.0,0.0
1464818276.2046194,0.0,0.0,0.0,0.0,0.0,0.0
1464818276.2542834,0.0,0.0,0.0,0.0,0.0,0.0
1464818276.3068392,0.0,0.0,0.0,0.0,0.0,0.0
1464818276.3515549,0.0,0.0,0.0,0.0,0.0,0.0
1464818276.4047167,0.0,0.0,0.0,0.0,0.0,0.0
1464818276.4541605,0.0,0.0,0.0,0.0,0.0,0.0
1464818276.506991,0.0,0.0,0.0,0.0,0.0,0.0
1464818276.5518894,0.0,0.0,0.0,0.0,0.0,0.0
1464818276.6046522,0.0,0.0,0.0,0.0,0.0,0.0
1464818276.65469,0.0,0.0,0.0,0.0,0.0,0.0
1464818276.7069707,0.0,0.0,0.0,0.0,0.0,0.0
1464818276.7515852,0.0,0.0,0.0,0.0,0.0,0.0
1464818276.8045013,0.0,0.0,0.0,0.0,0.0,0.0
1464818276.8544853,0.0,0.0,0.0,0.0,0.0,0.0
1464818276.9069622,0.0,0.0,0.0,0.0,0.0,0.0
1464818276.951919,0.0,0.0,0.0,0.0,0.0,0.0
1464818277.004623,0.0,0.0,0.0,0.0,0.0,0.0
1464818277.0546737,0.0,0.0,0.0,0.0,0.0,0.0
1464818277.1069465,0.0,0.0,0.0,0.0,0.0,0.0
1464818277.1519701,0.0,0.0,0.0,0.0,0.0,0.0
1464818277.2046926,0.0,0.0,0.0,0.0,0.0,0.0
1464818277.254583,0.0,0.0,0.0,0.0,0.0,0.0
1464818277.3070898,0.0,0.0,0.0,0.0,0.0,0.0
1464818277.3516092,0.0,0.0,0.0,0.0,0.0,0.0
1464818277.4047518,0.0,0.0,0.0,0.0,0.0,0.0
1464818277.45432,0.0,0.0,0.0,0.0,0.0,0.0
1464818277.5069609,0.0,0.0,0.0,0.0,0.0,0.0
1464818277.5516412,0.0,0.0,0.0,0.0,0.0,0.0
1464818277.6048348,0.0,0.0,0.0,0.0,0.0,0.0
1464818277.6545188,0.0,0.0,0.0,0.0,0.0,0.0
1464818277.7069852,0.0,0.0,0.0,0.0,0.0,0.0
1464818277.7516735,0.0,0.0,0.0,0.0,0.0,0.0
1464818277.804695,0.0,0.0,0.0,0.0,0.0,0.0
1464818277.8541322,0.0,0.0,0.0,0.0,0.0,0.0
1464818277.9070606,0.0,0.0,0.0,0.0,0.0,0.0
1464818277.9518816,0.0,0.0,0.0,0.0,0.0,0.0
1464818278.004751,0.0,0.0,0.0,0.0,0.0,0.0
1464818278.0546496,0.0,0.0,0.0,0.0,0.0,0.0
1464818278.107281,0.0,0.0,0.0,0.0,0.0,0.0
1464818278.1517134,0.0,0.0,0.0,0.0,0.0,0.0
1464818278.2049506,0.0,0.0,0.0,0.0,0.0,0.0
1464818278.2545226,0.0,0.0,0.0,0.0,0.0,0.0
1464818278.3070896,0.0,0.0,0.0,0.0,0.0,0.0
1464818278.3516333,0.0,0.0,0.0,0.0,0.0,0.0
1464818278.4047863,0.0,0.0,0.0,0.0,0.0,0.0
1464818278.4544423,0.0,0.0,0.0,0.0,0.0,0.0
1464818278.5071375,0.0,0.0,0.0,0.0,0.0,0.0
1464818278.5517824,0.0,0.0,0.0,0.0,0.0,0.0
1464818278.604902,0.0,0.0,0.0,0.0,0.0,0.0
1464818278.6545208,0.0,0.0,0.0,0.0,0.0,0.0
1464818278.707115,0.0,0.0,0.0,0.0,0.0,0.0
1464818278.751823,0.0,0.0,0.0,0.0,0.0,0.0
1464818278.8048377,0.0,0.0,0.0,0.0,0.0,0.0
1464818278.854326,0.0,0.0,0.0,0.0,0.0,0.0
1464818278.9071639,0.0,0.0,0.0,0.0,0.0,0.0
1464818278.9519992,0.0,0.0,0.0,0.0,0.0,0.0
1464818279.004745,0.0,0.0,0.0,0.0,0.0,0.0
1464818279.054493,0.0,0.0,0.0,0.0,0.0,0.0
1464818279.1072807,0.0,0.0,0.0,0.0,0.0,0.0
1464818279.15212,0.0,0.0,0.0,0.0,0.0,0.0
1464818279.2050252,0.0,0.0,0.0,0.0,0.0,0.0
1464818279.2545571,0.0,0.0,0.0,0.0,0.0,0.0
1464818279.3070366,0.0,0.0,0.0,0.0,0.0,0.0
1464818279.351731,0.0,0.0,0.0,0.0,0.0,0.0
1464818279.4047716,0.0,0.0,0.0,0.0,0.0,0.0
1464818279.4544444,0.0,0.0,0.0,0.0,0.0,0.0
1464818279.507294,0.0,0.0,0.0,0.0,0.0,0.0
1464818279.5519242,0.0,0.0,0.0,0.0,0.0,0.0
1464818279.6048565,0.0,0.0,0.0,0.0,0.0,0.0
1464818279.6544979,0.0,0.0,0.0,0.0,0.0,0.0
1464818279.7072864,0.0,0.0,0.0,0.0,0.0,0.0
1464818279.7520607,0.0,0.0,0.0,0.0,0.0,0.0
1464818279.804703,0.0,0.0,0.0,0.0,0.0,0.0
1464818279.854432,0.0,0.0,0.0,0.0,0.0,0.0
1464818279.9072807,0.0,0.0,0.0,0.0,0.0,0.0
1464818279.9518461,0.0,0.0,0.0,0.0,0.0,0.0
1464818280.0048127,0.0,0.0,0.0,0.0,0.0,0.0
1464818280.0543144,0.0,0.0,0.0,0.0,0.0,0.0
1464818280.1071985,0.0,0.0,0.0,0.0,0.0,0.0
1464818280.151794,0.0,0.0,0.0,0.0,0.0,0.0
1464818280.2048578,0.0,0.0,0.0,0.0,0.0,0.0
1464818280.2545595,0.0,0.0,0.0,0.0,0.0,0.0
1464818280.3073683,0.0,0.0,0.0,0.0,0.0,0.0
1464818280.3518033,0.0,0.0,0.0,0.0,0.0,0.0
1464818280.4048932,0.0,0.0,0.0,0.0,0.0,0.0
1464818280.4545317,0.0,0.0,0.0,0.0,0.0,0.0
1464818280.5073462,0.0,0.0,0.0,0.0,0.0,0.0
1464818280.5517802,0.0,0.0,0.0,0.0,0.0,0.0
1464818280.6052618,0.0,0.0,0.0,0.0,0.0,0.0
1464818280.6547241,0.0,0.0,0.0,0.0,0.0,0.0
1464818280.7071688,0.0,0.0,0.0,0.0,0.0,0.0
1464818280.7518573,0.0,0.0,0.0,0.0,0.0,0.0
1464818280.8048983,0.0,0.0,0.0,0.0,0.0,0.0
1464818280.8543587,0.0,0.0,0.0,0.0,0.0,0.0
1464818280.90753,0.0,0.0,0.0,0.0,0.0,0.0
1464818280.9520082,0.0,0.0,0.0,0.0,0.0,0.0
1464818281.0048387,0.0,0.0,0.0,0.0,0.0,0.0
1464818281.0544348,0.0,0.0,0.0,0.0,0.0,0.0
1464818281.1072042,0.0,0.0,0.0,0.0,0.0,0.0
1464818281.1518018,0.0,0.0,0.0,0.0,0.0,0.0
1464818281.2052135,0.0,0.0,0.0,0.0,0.0,0.0
1464818281.2544394,0.0,0.0,0.0,0.0,0.0,0.0
1464818281.307204,0.0,0.0,0.0,0.0,0.0,0.0
1464818281.3519914,0.0,0.0,0.0,0.0,0.0,0.0
1464818281.4050026,0.0,0.0,0.0,0.0,0.0,0.0
1464818281.4544432,0.0,0.0,0.0,0.0,0.0,0.0
1464818281.5072832,0.0,0.0,0.0,0.0,0.0,0.0
1464818281.5519772,0.0,0.0,0.0,0.0,0.0,0.0
1464818281.6049957,0.0,0.0,0.0,0.0,0.0,0.0
1464818281.6545618,0.0,0.0,0.0,0.0,0.0,0.0
1464818281.7071285,0.0,0.0,0.0,0.0,0.0,0.0
1464818281.7520702,0.0,0.0,0.0,0.0,0.0,0.0
1464818281.8047662,0.0,0.0,0.0,0.0,0.0,0.0
1464818281.8544319,0.0,0.0,0.0,0.0,0.0,0.0
1464818281.9072468,0.0,0.0,0.0,0.0,0.0,0.0
1464818281.95196,0.0,0.0,0.0,0.0,0.0,0.0
1464818282.005016,0.0,0.0,0.0,0.0,0.0,0.0
1464818282.054403,0.0,0.0,0.0,0.0,0.0,0.0
1464818282.107128,0.0,0.0,0.0,0.0,0.0,0.0
1464818282.1519012,0.0,0.0,0.0,0.0,0.0,0.0
1464818282.2049193,0.0,0.0,0.0,0.0,0.0,0.0
1464818282.2542832,0.0,0.0,0.0,0.0,0.0,0.0
1464818282.307245,0.0,0.0,0.0,0.0,0.0,0.0
1464818282.3518798,0.0,0.0,0.0,0.0,0.0,0.0
1464818282.4048767,0.0,0.0,0.0,0.0,0.0,0.0
1464818282.4544227,0.0,0.0,0.0,0.0,0.0,0.0
1464818282.5071702,0.0,0.0,0.0,0.0,0.0,0.0
1464818282.5518746,0.0,0.0,0.0,0.0,0.0,0.0
1464818282.6047661,0.0,0.0,0.0,0.0,0.0,0.0
1464818282.6546655,0.0,0.0,0.0,0.0,0.0,0.0
1464818282.7072766,0.0,0.0,0.0,0.0,0.0,0.0
1464818282.7519987,0.0,0.0,0.0,0.0,0.0,0.0
1464818282.8049507,0.0,0.0,0.0,0.0,0.0,0.0
1464818282.854688,0.0,0.0,0.0,0.0,0.0,0.0
1464818282.9074173,0.0,0.0,0.0,0.0,0.0,0.0
1464818282.9521027,0.0,0.0,0.0,0.0,0.0,0.0
1464818283.0049074,0.0,0.0,0.0,0.0,0.0,0.0
1464818283.054776,0.0,0.0,0.0,0.0,0.0,0.0
1464818283.1073804,0.0,0.0,0.0,0.0,0.0,0.0
1464818283.1521459,0.0,0.0,0.0,0.0,0.0,0.0
1464818283.2050447,0.0,0.0,0.0,0.0,0.0,0.0
1464818283.2544146,0.0,0.0,0.0,0.0,0.0,0.0
1464818283.3074398,0.0,0.0,0.0,0.0,0.0,0.0
1464818283.3520665,0.0,0.0,0.0,0.0,0.0,0.0
1464818283.4049556,0.0,0.0,0.0,0.0,0.0,0.0
1464818283.454563,0.0,0.0,0.0,0.0,0.0,0.0
1464818283.5073912,0.0,0.0,0.0,0.0,0.0,0.0
1464818283.5520482,0.0,0.0,0.0,0.0,0.0,0.0
1464818283.6054354,0.0,0.0,0.0,0.0,0.0,0.0
1464818283.6543756,0.0,0.0,0.0,0.0,0.0,0.0
1464818283.7072918,0.0,0.0,0.0,0.0,0.0,0.0
1464818283.7518406,0.0,0.0,0.0,0.0,0.0,0.0
1464818283.80531,0.0,0.0,0.0,0.0,0.0,0.0
1464818283.8549538,0.0,0.0,0.0,0.0,0.0,0.0
1464818283.907848,0.0,0.0,0.0,0.0,0.0,0.0
1464818283.952221,0.0,0.0,0.0,0.0,0.0,0.0
1464818284.0048883,0.0,0.0,0.0,0.0,0.0,0.0
1464818284.0546126,0.0,0.0,0.0,0.0,0.0,0.0
1464818284.1073225,0.0,0.0,0.0,0.0,0.0,0.0
1464818284.1519573,0.0,0.0,0.0,0.0,0.0,0.0
1464818284.2048962,0.0,0.0,0.0,0.0,0.0,0.0
1464818284.306845,0.0,0.0,0.0,0.0,0.0,0.0
1464818284.3077996,0.0,0.0,0.0,0.0,0.0,0.0
1464818284.3521538,0.0,0.0,0.0,0.0,0.0,0.0
1464818284.4049885,0.0,0.0,0.0,0.0,0.0,0.0
1464818284.4547396,0.0,0.0,0.0,0.0,0.0,0.0
1464818284.507347,0.0,0.0,0.0,0.0,0.0,0.0
1464818284.5520632,0.0,0.0,0.0,0.0,0.0,0.0
1464818284.6048572,0.0,0.0,0.0,0.0,0.0,0.0
1464818284.6546772,0.0,0.0,0.0,0.0,0.0,0.0
1464818284.7072918,0.0,0.0,0.0,0.0,0.0,0.0
1464818284.7518837,0.0,0.0,0.0,0.0,0.0,0.0
1464818284.8052201,0.0,0.0,0.0,0.0,0.0,0.0
1464818284.8547406,0.0,0.0,0.0,0.0,0.0,0.0
1464818284.9074714,0.0,0.0,0.0,0.0,0.0,0.0
1464818284.952166,0.0,0.0,0.0,0.0,0.0,0.0
1464818285.0051916,0.0,0.0,0.0,0.0,0.0,0.0
1464818285.054611,0.0,0.0,0.0,0.0,0.0,0.0
1464818285.1074035,0.0,0.0,0.0,0.0,0.0,0.0
1464818285.1523156,0.0,0.0,0.0,0.0,0.0,0.0
1464818285.2053206,0.0,0.0,0.0,0.0,0.0,0.0
1464818285.2545714,0.0,0.0,0.0,0.0,0.0,0.0
1464818285.3075438,0.0,0.0,0.0,0.0,0.0,0.0
1464818285.3520787,0.0,0.0,0.0,0.0,0.0,0.0
1464818285.405047,0.0,0.0,0.0,0.0,0.0,0.0
1464818285.454841,0.0,0.0,0.0,0.0,0.0,0.0
1464818285.5073462,0.0,0.0,0.0,0.0,0.0,0.0
1464818285.552067,0.0,0.0,0.0,0.0,0.0,0.0
1464818285.6049588,0.0,0.0,0.0,0.0,0.0,0.0
1464818285.6544528,0.0,0.0,0.0,0.0,0.0,0.0
1464818285.7073793,0.0,0.0,0.0,0.0,0.0,0.0
1464818285.7518942,0.0,0.0,0.0,0.0,0.0,0.0
1464818285.8050861,0.0,0.0,0.0,0.0,0.0,0.0
1464818285.8548095,0.0,0.0,0.0,0.0,0.0,0.0
1464818285.9077697,0.0,0.0,0.0,0.0,0.0,0.0
1464818285.9521093,0.0,0.0,0.0,0.0,0.0,0.0
1464818286.0051806,0.0,0.0,0.0,0.0,0.0,0.0
1464818286.0547938,0.0,0.0,0.0,0.0,0.0,0.0
1464818286.1074982,0.0,0.0,0.0,0.0,0.0,0.0
1464818286.1521504,0.0,0.0,0.0,0.0,0.0,0.0
1464818286.2052104,0.0,0.0,0.0,0.0,0.0,0.0
1464818286.25468,0.0,0.0,0.0,0.0,0.0,0.0
1464818286.307511,0.0,0.0,0.0,0.0,0.0,0.0
1464818286.3523495,0.0,0.0,0.0,0.0,0.0,0.0
1464818286.4053464,0.0,0.0,0.0,0.0,0.0,0.0
1464818286.45471,0.0,0.0,0.0,0.0,0.0,0.0
1464818286.5075715,0.0,0.0,0.0,0.0,0.0,0.0
1464818286.552182,0.0,0.0,0.0,0.0,0.0,0.0
1464818286.6051064,0.0,0.0,0.0,0.0,0.0,0.0
1464818286.6548502,0.0,0.0,0.0,0.0,0.0,0.0
1464818286.7074826,0.0,0.0,0.0,0.0,0.0,0.0
1464818286.7521677,0.0,0.0,0.0,0.0,0.0,0.0
1464818286.8049877,0.0,0.0,0.0,0.0,0.0,0.0
1464818286.8548777,0.0,0.0,0.0,0.0,0.0,0.0
1464818286.9073431,0.0,0.0,0.0,0.0,0.0,0.0
1464818286.9521444,0.0,0.0,0.0,0.0,0.0,0.0
1464818287.0052347,0.0,0.0,0.0,0.0,0.0,0.0
1464818287.0551207,0.0,0.0,0.0,0.0,0.0,0.0
1464818287.1074982,0.0,0.0,0.0,0.0,0.0,0.0
1464818287.1521027,0.0,0.0,0.0,0.0,0.0,0.0
1464818287.20517,0.0,0.0,0.0,0.0,0.0,0.0
1464818287.254653,0.0,0.0,0.0,0.0,0.0,0.0
1464818287.3078666,0.0,0.0,0.0,0.0,0.0,0.0
1464818287.352105,0.0,0.0,0.0,0.0,0.0,0.0
1464818287.4051247,0.0,0.0,0.0,0.0,0.0,0.0
1464818287.4549131,0.0,0.0,0.0,0.0,0.0,0.0
1464818287.507559,0.0,0.0,0.0,0.0,0.0,0.0
1464818287.5520382,0.0,0.0,0.0,0.0,0.0,0.0
1464818287.6052346,0.0,0.0,0.0,0.0,0.0,0.0
1464818287.6550324,0.0,0.0,0.0,0.0,0.0,0.0
1464818287.7075586,0.0,0.0,0.0,0.0,0.0,0.0
1464818287.7521622,0.0,0.0,0.0,0.0,0.0,0.0
1464818287.805091,0.0,0.0,0.0,0.0,0.0,0.0
1464818287.8549657,0.0,0.0,0.0,0.0,0.0,0.0
1464818287.9079216,0.0,0.0,0.0,0.0,0.0,0.0
1464818287.9522855,0.0,0.0,0.0,0.0,0.0,0.0
1464818288.005259,0.0,0.0,0.0,0.0,0.0,0.0
1464818288.0556386,0.0,0.0,0.0,0.0,0.0,0.0
1464818288.1075857,0.0,0.0,0.0,0.0,0.0,0.0
1464818288.152038,0.0,0.0,0.0,0.0,0.0,0.0
1464818288.2051358,0.0,0.0,0.0,0.0,0.0,0.0
1464818288.2546568,0.0,0.0,0.0,0.0,0.0,0.0
1464818288.3075016,0.0,0.0,0.0,0.0,0.0,0.0
1464818288.3521318,0.0,0.0,0.0,0.0,0.0,0.0
1464818288.4052105,0.0,0.0,0.0,0.0,0.0,0.0
1464818288.454778,0.0,0.0,0.0,0.0,0.0,0.0
1464818288.5074055,0.0,0.0,0.0,0.0,0.0,0.0
1464818288.5522485,0.0,0.0,0.0,0.0,0.0,0.0
1464818288.6052134,0.0,0.0,0.0,0.0,0.0,0.0
1464818288.6550803,0.0,0.0,0.0,0.0,0.0,0.0
1464818288.707523,0.0,0.0,0.0,0.0,0.0,0.0
1464818288.7523513,0.0,0.0,0.0,0.0,0.0,0.0
1464818288.8052473,0.0,0.0,0.0,0.0,0.0,0.0
1464818288.854722,0.0,0.0,0.0,0.0,0.0,0.0
1464818288.9080195,0.0,0.0,0.0,0.0,0.0,0.0
1464818288.9521103,0.0,0.0,0.0,0.0,0.0,0.0
1464818289.0051746,0.0,0.0,0.0,0.0,0.0,0.0
1464818289.0550468,0.0,0.0,0.0,0.0,0.0,0.0
1464818289.107529,0.0,0.0,0.0,0.0,0.0,0.0
1464818289.1523082,0.0,0.0,0.0,0.0,0.0,0.0
1464818289.2052813,0.0,0.0,0.0,0.0,0.0,0.0
1464818289.2550454,0.0,0.0,0.0,0.0,0.0,0.0
1464818289.308484,0.0,0.0,0.0,0.0,0.0,0.0
1464818289.352256,0.0,0.0,0.0,0.0,0.0,0.0
1464818289.4052813,0.0,0.0,0.0,0.0,0.0,0.0
1464818289.4550385,0.0,0.0,0.0,0.0,0.0,0.0
1464818289.5075798,0.0,0.0,0.0,0.0,0.0,0.0
1464818289.552145,0.0,0.0,0.0,0.0,0.0,0.0
1464818289.6077116,0.0,0.0,0.0,0.0,0.0,0.0
1464818289.6547248,0.0,0.0,0.0,0.0,0.0,0.0
1464818289.7076955,0.0,0.0,0.0,0.0,0.0,0.0
1464818289.7525012,0.0,0.0,0.0,0.0,0.0,0.0
1464818289.8052855,0.0,0.0,0.0,0.0,0.0,0.0
1464818289.8547935,0.0,0.0,0.0,0.0,0.0,0.0
1464818289.9075048,0.0,0.0,0.0,0.0,0.0,0.0
1464818289.9527144,0.0,0.0,0.0,0.0,0.0,0.0
1464818290.005342,0.0,0.0,0.0,0.0,0.0,0.0
1464818290.0548368,0.0,0.0,0.0,0.0,0.0,0.0
1464818290.1077101,0.0,0.0,0.0,0.0,0.0,0.0
1464818290.152606,0.0,0.0,0.0,0.0,0.0,0.0
1464818290.205522,0.0,0.0,0.0,0.0,0.0,0.0
