Time,linear.x,linear.y,linear.z,angular.x,angular.y,angular.z
1464818234.3041842,0.0,0.0,0.0,0.0,0.0,0.0
1464818234.3042066,0.0,0.0,0.0,0.0,0.0,0.0
1464818234.3510041,0.0,0.0,0.0,0.0,0.0,0.0
1464818234.4022784,0.0,0.0,0.0,0.0,0.0,0.0
1464818234.4522462,0.0,0.0,0.0,0.0,0.0,0.0
1464818234.5043256,0.0,0.0,0.0,0.0,0.0,0.0
1464818234.549115,0.0,0.0,0.0,0.0,0.0,0.0
1464818234.6021209,0.0,0.0,0.0,0.0,0.0,0.0
1464818234.6516933,0.0,0.0,0.0,0.0,0.0,0.0
1464818234.7043154,0.0,0.0,0.0,0.0,0.0,0.0
1464818234.7490184,0.0,0.0,0.0,0.0,0.0,0.0
1464818234.801892,0.0,0.0,0.0,0.0,0.0,0.0
1464818234.8517876,0.0,0.0,0.0,0.0,0.0,0.0
1464818234.904295,0.0,0.0,0.0,0.0,0.0,0.0
1464818234.9489594,0.0,0.0,0.0,0.0,0.0,0.0
1464818235.0018733,0.0,0.0,0.0,0.0,0.0,0.0
1464818235.0517642,0.0,0.0,0.0,0.0,0.0,0.0
1464818235.1044436,0.0,0.0,0.0,0.0,0.0,0.0
1464818235.1489775,0.0,0.0,0.0,0.0,0.0,0.0
1464818235.2020278,0.0,0.0,0.0,0.0,0.0,0.0
1464818235.2517717,0.0,0.0,0.0,0.0,0.0,0.0
1464818235.3045185,0.0,0.0,0.0,0.0,0.0,0.0
1464818235.3491426,0.0,0.0,0.0,0.0,0.0,0.0
1464818235.4019444,0.0,0.0,0.0,0.0,0.0,0.0
1464818235.4519863,0.0,0.0,0.0,0.0,0.0,0.0
1464818235.5045915,0.0,0.0,0.0,0.0,0.0,0.0
1464818235.549138,0.0,0.0,0.0,0.0,0.0,0.0
1464818235.6020164,0.0,0.0,0.0,0.0,0.0,0.0
1464818235.6517572,0.0,0.0,0.0,0.0,0.0,0.0
1464818235.704595,0.0,0.0,0.0,0.0,0.0,0.0
1464818235.7490451,0.0,0.0,0.0,0.0,0.0,0.0
1464818235.8021405,0.0,0.0,0.0,0.0,0.0,0.0
1464818235.8518858,0.0,0.0,0.0,0.0,0.0,0.0
1464818235.9042733,0.0,0.0,0.0,0.0,0.0,0.0
1464818235.948963,0.0,0.0,0.0,0.0,0.0,0.0
1464818236.0020387,0.0,0.0,0.0,0.0,0.0,0.0
1464818236.0517588,0.0,0.0,0.0,0.0,0.0,0.0
1464818236.1044292,0.0,0.0,0.0,0.0,0.0,0.0
1464818236.1490288,0.0,0.0,0.0,0.0,0.0,0.0
1464818236.2020278,0.0,0.0,0.0,0.0,0.0,0.0
1464818236.2520835,0.0,0.0,0.0,0.0,0.0,0.0
1464818236.3045294,0.0,0.0,0.0,0.0,0.0,0.0
1464818236.3493648,0.0,0.0,0.0,0.0,0.0,0.0
1464818236.4020689,0.0,0.0,0.0,0.0,0.0,0.0
1464818236.4521737,0.0,0.0,0.0,0.0,0.0,0.0
1464818236.5043714,0.0,0.0,0.0,0.0,0.0,0.0
1464818236.5490534,0.0,0.0,0.0,0.0,0.0,0.0
1464818236.6022012,0.0,0.0,0.0,0.0,0.0,0.0
1464818236.6517818,0.0,0.0,0.0,0.0,0.0,0.0
1464818236.7043636,0.0,0.0,0.0,0.0,0.0,0.0
1464818236.748975,0.0,0.0,0.0,0.0,0.0,0.0
1464818236.8021104,0.0,0.0,0.0,0.0,0.0,0.0
1464818236.8519583,0.0,0.0,0.0,0.0,0.0,0.0
1464818236.904638,0.0,0.0,0.0,0.0,0.0,0.0
1464818236.9491293,0.0,0.0,0.0,0.0,0.0,0.0
1464818237.002121,0.0,0.0,0.0,0.0,0.0,0.0
1464818237.0519092,0.0,0.0,0.0,0.0,0.0,0.0
1464818237.1045277,0.008799993892572818,0.0,0.0,0.0,0.0,0.0
1464818237.1492186,0.02640001219436527,0.0,0.0,0.0,0.0,0.0
1464818237.202225,0.010999999994877727,0.0,0.0,0.0,0.0,0.0
1464818237.2518158,0.0,0.0,0.0,0.0,0.0,0.0
1464818237.30454,0.004400012204609817,0.0,0.0,0.0,0.0,0.0
1464818237.34913,0.0,0.0,0.0,0.0,0.0,0.0
1464818237.402182,0.0,0.0,0.0,0.0,0.0,0.0
1464818237.4519827,0.0022000061023049085,0.0,0.0,0.0,0.0,0.0
1464818237.5045977,0.0,0.0,0.0,0.0,0.0,0.0
1464818237.5491726,0.0,0.0,0.0,0.0,0.0,0.0
1464818237.602745,0.0,0.0,0.0,0.0,0.0,0.0
1464818237.6518974,0.02640001219436527,0.0,0.0,0.0,0.0,0.0
1464818237.7046072,0.02640001219436527,0.0,0.0,0.0,0.0,0.0
1464818237.7494082,0.0,0.0,0.0,0.0,0.0,0.0
1464818237.8022022,0.08359998775441199,0.0,0.0,0.0,0.0,0.0
1464818237.8523424,0.08359998775441199,0.0,0.0,0.0,0.0,0.0
1464818237.9045846,0.05499999997438863,0.0,0.0,0.0,0.0,0.0
1464818237.949158,0.05499999997438863,0.0,0.0,0.0,0.0,0.0
1464818238.0022848,0.0,0.0,0.0,0.0,0.0,0.0
1464818238.051916,0.02640001219436527,0.0,0.0,0.0,0.0,0.0
1464818238.1045783,0.03959998777490109,0.0,0.0,0.0,0.0,0.0
1464818238.1492124,0.05499999997438863,0.0,0.0,0.0,0.0,0.0
1464818238.2023807,0.08359998775441199,0.0,0.0,0.0,0.0,0.0
1464818238.2520964,0.03299999998463318,0.0,0.0,0.0,0.0,0.0
1464818238.3045506,0.04399999997951091,0.0,0.0,0.0,0.0,0.0
1464818238.3493528,0.05499999997438863,0.0,0.0,0.0,0.0,0.0
1464818238.4021,0.013200006097182635,0.0,0.0,0.0,0.0,0.0
1464818238.4519734,0.006599987790267909,0.0,0.0,0.0,0.0,0.0
1464818238.5045502,0.010999999994877727,0.0,0.0,0.0,0.0,0.0
1464818238.5491672,0.015400012199487544,0.0,0.0,0.0,0.0,0.0
1464818238.602238,0.04620000608181581,0.0,0.0,0.0,0.0,0.0
1464818238.6521316,0.0,0.0,0.0,0.0,0.0,0.0
1464818238.70594,0.021999999989755454,0.0,0.0,0.0,0.0,0.0
1464818238.7491007,0.008799993892572818,0.0,0.0,0.0,0.0,0.0
1464818238.8020928,0.0,0.0,0.0,0.0,0.0,0.0
1464818238.8519447,0.008799993892572818,0.0,0.0,0.0,0.0,0.0
1464818238.9047458,0.013200006097182635,0.0,0.0,0.0,0.0,0.0
1464818238.9492579,0.0,0.0,0.0,0.0,0.0,0.0
1464818239.002527,0.010999999994877727,0.0,0.0,0.0,0.0,0.0
1464818239.0519474,0.0,0.0,0.0,0.0,0.0,0.0
1464818239.1046522,0.0,0.0,0.0,0.0,0.0,0.0
1464818239.1492453,0.0,0.0,0.0,0.0,0.0,0.0
1464818239.2022893,0.0,0.0,0.0,0.0,0.0,0.0
1464818239.2521167,0.008799993892572818,0.0,0.0,0.0,0.0,0.0
1464818239.3047364,0.0,0.0,0.0,0.0,0.0,0.0
1464818239.349383,0.0,0.0,0.0,0.0,0.0,0.0
1464818239.4022348,0.0,0.0,0.0,0.0,0.0,0.0
1464818239.4521086,0.004400012204609817,0.0,0.0,0.0,0.0,0.0
1464818239.5047557,0.006599987790267909,0.0,0.0,0.0,0.0,0.0
1464818239.5495572,0.006599987790267909,0.0,0.0,0.0,0.0,0.0
1464818239.6023197,0.0,0.0,0.0,0.0,0.0,0.0
1464818239.651982,0.008799993892572818,0.0,0.0,0.0,0.0,0.0
1464818239.7047253,0.0,0.0,0.0,0.0,0.0,0.0
1464818239.7492332,0.008799993892572818,0.0,0.0,0.0,0.0,0.0
1464818239.802278,0.008799993892572818,0.0,0.0,0.0,0.0,0.0
1464818239.8521838,0.0,0.0,0.0,0.0,0.0,0.0
1464818239.904788,0.0,0.0,0.0,0.0,0.0,0.0
1464818239.9492798,0.0,0.0,0.0,0.0,0.0,0.0
1464818240.0022995,0.0,0.0,0.0,0.0,0.0,0.0
1464818240.0533936,0.004400012204609817,0.0,0.0,0.0,0.0,0.0
1464818240.1047435,0.0,0.0,0.0,0.0,0.0,0.0
1464818240.149272,0.0,0.0,0.0,0.0,0.0,0.0
1464818240.2024112,0.0,0.0,0.0,0.0,0.0,0.0
1464818240.2520812,0.0,0.0,0.0,0.0,0.0,0.0
1464818240.304723,0.017599987785145637,0.0,0.0,0.0,0.0,0.0
1464818240.349396,0.0,0.0,0.0,0.0,0.0,0.0
1464818240.4024804,0.0022000061023049085,0.0,0.0,0.0,0.0,0.0
1464818240.4519715,0.0,0.0,0.0,0.0,0.0,0.0
1464818240.5048122,0.0,0.0,0.0,0.0,0.0,0.0
1464818240.5492492,0.0,0.0,0.0,0.0,0.0,0.0
1464818240.6022716,0.0,0.0,0.0,0.0,0.0,0.0
1464818240.6520731,0.0,0.0,0.0,0.0,0.0,0.0
1464818240.7047489,0.0,0.0,0.0,0.0,0.0,0.0
1464818240.7493494,0.0,0.0,0.0,0.0,0.0,0.0
1464818240.8024158,0.0,0.0,0.0,0.0,0.0,0.0
1464818240.852025,0.0022000061023049085,0.0,0.0,0.0,0.0,0.0
1464818240.9048343,0.0,0.0,0.0,0.0,0.0,0.0
1464818240.9494545,0.0,0.0,0.0,0.0,0.0,0.0
1464818241.0024552,0.021999999989755454,0.0,0.0,0.0,0.0,0.0
1464818241.0521216,0.0,0.0,0.0,0.0,0.0,0.0
1464818241.1049473,0.0,0.0,0.0,0.0,0.0,0.0
1464818241.1496298,0.0,0.0,0.0,0.0,0.0,0.0
1464818241.202298,0.008799993892572818,0.0,0.0,0.0,0.0,0.0
1464818241.2522876,0.0,0.0,0.0,0.0,0.0,0.0
1464818241.3047915,0.0,0.0,0.0,0.0,0.0,0.0
1464818241.349548,0.0,0.0,0.0,0.0,0.0,0.0
1464818241.4025187,0.0,0.0,0.0,0.0,0.0,0.0
1464818241.4521604,0.0,0.0,0.0,0.0,0.0,0.0
1464818241.5047014,0.0,0.0,0.0,0.0,0.0,0.0
1464818241.5494137,0.0022000061023049085,0.0,0.0,0.0,0.0,0.0
1464818241.6023216,0.0,0.0,0.0,0.0,0.0,0.0
1464818241.6522315,0.010999999994877727,0.0,0.0,0.0,0.0,0.0
1464818241.7047162,0.0,0.0,0.0,0.0,0.0,0.0
1464818241.7493165,0.0,0.0,0.0,0.0,0.0,0.0
1464818241.802404,0.017599987785145637,0.0,0.0,0.0,0.0,0.0
1464818241.852162,0.0022000061023049085,0.0,0.0,0.0,0.0,0.0
1464818241.9049292,0.0022000061023049085,0.0,0.0,0.0,0.0,0.0
1464818241.94953,0.0,0.0,0.0,0.0,0.0,0.0
1464818242.0031419,0.0,0.0,0.0,0.0,0.0,0.0
1464818242.0522015,0.0,0.0,0.0,0.0,0.0,0.0
1464818242.1047318,0.0,0.0,0.0,0.0,0.0,0.0
1464818242.1492848,0.0,0.0,0.0,0.0,0.0,0.0
1464818242.2023103,0.0,0.0,0.0,0.0,0.0,0.0
1464818242.252237,0.0,0.0,0.0,0.0,0.0,0.0
1464818242.304761,0.0,0.0,0.0,0.0,0.0,0.0
1464818242.3494291,0.0,0.0,0.0,0.0,0.0,0.0
1464818242.4024017,0.0,0.0,0.0,0.0,0.0,0.0
1464818242.4520187,0.0,0.0,0.0,0.0,0.0,0.0
1464818242.5048554,0.0,0.0,0.0,0.0,0.0,0.0
1464818242.5493586,0.0,0.0,0.0,0.0,0.0,0.0
1464818242.602707,0.0,0.0,0.0,0.0,0.0,0.0
1464818242.6522665,0.0,0.0,0.0,0.0,0.0,0.0
1464818242.70464,0.0,0.0,0.0,0.0,0.0,0.0
1464818242.749474,0.0,0.0,0.0,0.0,0.0,0.0
1464818242.8024902,0.0,0.0,0.0,0.0,0.0,0.0
1464818242.852083,0.0,0.0,0.0,0.0,0.0,0.0
1464818242.9049602,0.0,0.0,0.0,0.0,0.0,0.0
1464818242.9494808,0.0,0.0,0.0,0.0,0.0,0.0
1464818243.0024498,0.0,0.0,0.0,0.0,0.0,0.0
1464818243.0523572,0.0,0.0,0.0,0.0,0.0,0.0
1464818243.104936,0.0,0.0,0.0,0.0,0.0,0.0
1464818243.1495242,0.0,0.0,0.0,0.0,0.0,0.0
1464818243.2024333,0.0,0.0,0.0,0.0,0.0,0.0
1464818243.2522545,0.0,0.0,0.0,0.0,0.0,0.0
1464818243.3048587,0.0,0.0,0.0,0.0,0.0,0.0
1464818243.3494356,0.0,0.0,0.0,0.0,0.0,0.0
1464818243.4023483,0.0,0.0,0.0,0.0,0.0,0.0
1464818243.4521348,0.0,0.0,0.0,0.0,0.0,0.0
1464818243.5049076,0.0,0.0,0.0,0.0,0.0,0.0
1464818243.549266,0.0,0.0,0.0,0.0,0.0,0.0
1464818243.6023252,0.0,0.0,0.0,0.0,0.0,0.0
1464818243.652306,0.0,0.0,0.0,0.0,0.0,0.0
1464818243.7048054,0.0,0.0,0.0,0.0,0.0,0.0
1464818243.7494853,0.0,0.0,0.0,0.0,0.0,0.0
1464818243.8027732,0.0,0.0,0.0,0.0,0.0,0.0
1464818243.8520703,0.0,0.0,0.0,0.0,0.0,0.0
1464818243.9048967,0.0022000061023049085,0.0,0.0,0.0,0.0,0.0
1464818243.9494731,0.0,0.0,0.0,0.0,0.0,0.0
1464818244.0023048,0.0,0.0,0.0,0.0,0.0,0.0
1464818244.052208,0.0,0.0,0.0,0.0,0.0,0.0
1464818244.1048038,0.0,0.0,0.0,0.0,0.0,0.0
1464818244.149368,0.0,0.0,0.0,0.0,0.0,0.0
1464818244.2023432,0.0,0.0,0.0,0.0,0.0,0.0
1464818244.2521896,0.0,0.0,0.0,0.0,0.0,0.0
1464818244.3050833,0.0,0.0,0.0,0.0,0.0,0.0
1464818244.3494146,0.0,0.0,0.0,0.0,0.0,0.0
1464818244.402477,0.0,0.0,0.0,0.0,0.0,0.0
1464818244.4521058,0.0,0.0,0.0,0.0,0.0,0.0
1464818244.5048928,0.0,0.0,0.0,0.0,0.0,0.0
1464818244.5493474,0.0,0.0,0.0,0.0,0.0,0.0
1464818244.6024938,0.0,0.0,0.0,0.0,0.0,0.0
1464818244.6527035,0.0,0.0,0.0,0.0,0.0,0.0
1464818244.7049038,0.0,0.0,0.0,0.0,0.0,0.0
1464818244.7494786,0.0,0.0,0.0,0.0,0.0,0.0
1464818244.8023612,0.0,0.0,0.0,0.0,0.0,0.0
1464818244.8520823,0.0,0.0,0.0,0.0,0.0,0.0
1464818244.9049728,0.0,0.0,0.0,0.0,0.0,0.0
1464818244.9496427,0.0,0.0,0.0,0.0,0.0,0.0
1464818245.0025787,0.0,0.0,0.0,0.0,0.0,0.0
1464818245.0525587,0.004400012204609817,0.0,0.0,0.0,0.0,0.0
1464818245.1050153,0.0,0.0,0.0,0.0,0.0,0.0
1464818245.1494572,0.0,0.0,0.0,0.0,0.0,0.0
1464818245.2034698,0.006599987790267909,0.0,0.0,0.0,0.0,0.0
1464818245.252363,0.004400012204609817,0.0,0.0,0.0,0.0,0.0
1464818245.305002,0.0,0.0,0.0,0.0,0.0,0.0
1464818245.3494818,0.013200006097182635,0.0,0.0,0.0,0.0,0.0
1464818245.4024475,0.0,0.0,0.0,0.0,0.0,0.0
1464818245.452279,0.0,0.0,0.0,0.0,0.0,0.0
1464818245.505101,0.0,0.0,0.0,0.0,0.0,0.0
1464818245.5494583,0.0,0.0,0.0,0.0,0.0,0.0
1464818245.6024656,0.0,0.0,0.0,0.0,0.0,0.0
1464818245.6527572,0.0,0.0,0.0,0.0,0.0,0.0
1464818245.705099,0.0,0.0,0.0,0.0,0.0,0.0
1464818245.7495499,0.0022000061023049085,0.0,0.0,0.0,0.0,0.0
1464818245.8024545,0.004400012204609817,0.0,0.0,0.0,0.0,0.0
1464818245.8525898,0.0,0.0,0.0,0.0,0.0,0.0
1464818245.9052005,0.0,0.0,0.0,0.0,0.0,0.0
1464818245.9495971,0.0,0.0,0.0,0.0,0.0,0.0
1464818246.0024555,0.0,0.0,0.0,0.0,0.0,0.0
1464818246.0523374,0.0,0.0,0.0,0.0,0.0,0.0
1464818246.1052253,0.008799993892572818,0.0,0.0,0.0,0.0,0.0
1464818246.1495378,0.0,0.0,0.0,0.0,0.0,0.0
1464818246.202718,0.0,0.0,0.0,0.0,0.0,0.0
1464818246.2522793,0.0,0.0,0.0,0.0,0.0,0.0
1464818246.304853,0.0,0.0,0.0,0.0,0.0,0.0
1464818246.349636,0.0,0.0,0.0,0.0,0.0,0.0
1464818246.4025764,0.0,0.0,0.0,0.0,0.0,0.0
1464818246.4522498,0.004400012204609817,0.0,0.0,0.0,0.0,0.0
1464818246.504996,0.0,0.0,0.0,0.0,0.0,0.0
1464818246.5498621,0.0,0.0,0.0,0.0,0.0,0.0
1464818246.6025598,0.0,0.0,0.0,0.0,0.0,0.0
1464818246.6531646,0.0,0.0,0.0,0.0,0.0,0.0
1464818246.705008,0.0,0.0,0.0,0.0,0.0,0.0
1464818246.7496593,0.0,0.0,0.0,0.0,0.0,0.0
1464818246.8026814,0.0,0.0,0.0,0.0,0.0,0.0
1464818246.8528404,0.0,0.0,0.0,0.0,0.0,0.0
1464818246.9052663,0.0,0.0,0.0,0.0,0.0,0.0
1464818246.9497485,0.0,0.0,0.0,0.0,0.0,0.0
1464818247.0025122,0.0,0.0,0.0,0.0,0.0,0.0
1464818247.0525699,0.0,0.0,0.0,0.0,0.0,0.0
1464818247.1051202,0.0,0.0,0.0,0.0,0.0,0.0
1464818247.1496537,0.004400012204609817,0.0,0.0,0.0,0.0,0.0
1464818247.202515,0.0022000061023049085,0.0,0.0,0.0,0.0,0.0
1464818247.2527583,0.0,0.0,0.0,0.0,0.0,0.0
1464818247.305099,0.0,0.0,0.0,0.0,0.0,0.0
1464818247.3495584,0.0,0.0,0.0,0.0,0.0,0.0
1464818247.4025254,0.0,0.0,0.0,0.0,0.0,0.0
1464818247.4528098,0.0,0.0,0.0,0.0,0.0,0.0
1464818247.5051873,0.0,0.0,0.0,0.0,0.0,0.0
1464818247.5495827,0.0,0.0,0.0,0.0,0.0,0.0
1464818247.6026316,0.0,0.0,0.0,0.0,0.0,0.0
1464818247.652999,0.0,0.0,0.0,0.0,0.0,0.0
1464818247.7052374,0.0,0.0,0.0,0.0,0.0,0.0
1464818247.7496748,0.0,0.0,0.0,0.0,0.0,0.0
1464818247.8026445,0.0,0.0,0.0,0.0,0.0,0.0
1464818247.8530607,0.0022000061023049085,0.0,0.0,0.0,0.0,0.0
1464818247.905351,0.0,0.0,0.0,0.0,0.0,0.0
1464818247.9497764,0.0,0.0,0.0,0.0,0.0,0.0
1464818248.002829,0.0,0.0,0.0,0.0,0.0,0.0
1464818248.0524366,0.0,0.0,0.0,0.0,0.0,0.0
1464818248.1049926,0.0,0.0,0.0,0.0,0.0,0.0
1464818248.1498415,0.0,0.0,0.0,0.0,0.0,0.0
1464818248.202828,0.0,0.0,0.0,0.0,0.0,0.0
1464818248.252935,0.0,0.0,0.0,0.0,0.0,0.0
1464818248.3050957,0.0,0.0,0.0,0.0,0.0,0.0
1464818248.3496943,0.0022000061023049085,0.0,0.0,0.0,0.0,0.0
1464818248.4027658,0.0,0.0,0.0,0.0,0.0,0.0
1464818248.4528313,0.0,0.0,0.0,0.0,0.0,0.0
1464818248.5057201,0.0,0.0,0.0,0.0,0.0,0.0
1464818248.5497117,0.008799993892572818,0.0,0.0,0.0,0.0,0.0
1464818248.6027074,0.0,0.0,0.0,0.0,0.0,0.0
1464818248.6525497,0.0,0.0,0.0,0.0,0.0,0.0
1464818248.7050476,0.0,0.0,0.0,0.0,0.0,0.0
1464818248.7497022,0.008799993892572818,0.0,0.0,0.0,0.0,0.0
1464818248.8026361,0.0022000061023049085,0.0,0.0,0.0,0.0,0.0
1464818248.8528192,0.0,0.0,0.0,0.0,0.0,0.0
1464818248.9051244,0.004400012204609817,0.0,0.0,0.0,0.0,0.0
1464818248.9495902,0.0,0.0,0.0,0.0,0.0,0.0
1464818249.0032322,0.0,0.0,0.0,0.0,0.0,0.0
1464818249.0526865,0.0,0.0,0.0,0.0,0.0,0.0
1464818249.1052434,0.0022000061023049085,0.0,0.0,0.0,0.0,0.0
1464818249.1497517,0.0,0.0,0.0,0.0,0.0,0.0
1464818249.2027488,0.0,0.0,0.0,0.0,0.0,0.0
1464818249.2525916,0.0,0.0,0.0,0.0,0.0,0.0
1464818249.304994,0.0,0.0,0.0,0.0,0.0,0.0
1464818249.349757,0.0,0.0,0.0,0.0,0.0,0.0
1464818249.4027426,0.0,0.0,0.0,0.0,0.0,0.0
1464818249.452607,0.0,0.0,0.0,0.0,0.0,0.0
1464818249.5051897,0.0,0.0,0.0,0.0,0.0,0.0
1464818249.5500307,0.0,0.0,0.0,0.0,0.0,0.0
1464818249.6029534,0.0,0.0,0.0,0.0,0.0,0.0
1464818249.6525314,0.0,0.0,0.0,0.0,0.0,0.0
1464818249.7051754,0.0,0.0,0.0,0.0,0.0,0.0
1464818249.749733,0.0,0.0,0.0,0.0,0.0,0.0
1464818249.8029099,0.0,0.0,0.0,0.0,0.0,0.0
1464818249.8527057,0.0,0.0,0.0,0.0,0.0,0.0
1464818249.9051104,0.0,0.0,0.0,0.0,0.0,0.0
1464818249.9497285,0.0,0.0,0.0,0.0,0.0,0.0
1464818250.0027993,0.0,0.0,0.0,0.0,0.0,0.0
1464818250.0526783,0.0022000061023049085,0.0,0.0,0.0,0.0,0.0
1464818250.1050944,0.0,0.0,0.0,0.0,0.0,0.0
1464818250.149707,0.0,0.0,0.0,0.0,0.0,0.0
1464818250.2027767,0.0,0.0,0.0,0.0,0.0,0.0
1464818250.2526104,0.0,0.0,0.0,0.0,0.0,0.0
1464818250.3053043,0.0,0.0,0.0,0.0,0.0,0.0
1464818250.3497305,0.0,0.0,0.0,0.0,0.0,0.0
1464818250.402896,0.0,0.0,0.0,0.0,0.0,0.0
1464818250.4526079,0.0,0.0,0.0,0.0,0.0,0.0
1464818250.5051174,0.0,0.0,0.0,0.0,0.0,0.0
1464818250.5498374,0.0,0.0,0.0,0.0,0.0,0.0
1464818250.6027539,0.0,0.0,0.0,0.0,0.0,0.0
1464818250.652643,0.0,0.0,0.0,0.0,0.0,0.0
1464818250.705107,0.0,0.0,0.0,0.0,0.0,0.0
1464818250.7497113,0.0,0.0,0.0,0.0,0.0,0.0
1464818250.8028078,0.0,0.0,0.0,0.0,0.0,0.0
1464818250.8527157,0.0,0.0,0.0,0.0,0.0,0.0
1464818250.9051025,0.0,0.0,0.0,0.0,0.0,0.0
1464818250.949768,0.0,0.0,0.0,0.0,0.0,0.0
1464818251.0028276,0.0,0.0,0.0,0.0,0.0,0.0
1464818251.053308,0.0,0.0,0.0,0.0,0.0,0.0
1464818251.1052496,0.0,0.0,0.0,0.0,0.0,0.0
1464818251.1497371,0.0,0.0,0.0,0.0,0.0,0.0
1464818251.2028973,0.0,0.0,0.0,0.0,0.0,0.0
1464818251.2525072,0.0,0.0,0.0,0.0,0.0,0.0
1464818251.305493,0.0,0.0,0.0,0.0,0.0,0.0
1464818251.3497078,0.0,0.0,0.0,0.0,0.0,0.0
1464818251.4027948,0.0022000061023049085,0.0,0.0,0.0,0.0,0.0
1464818251.4526942,0.0,0.0,0.0,0.0,0.0,0.0
1464818251.5052168,0.0,0.0,0.0,0.0,0.0,0.0
1464818251.549711,0.0,0.0,0.0,0.0,0.0,0.0
1464818251.603035,0.0,0.0,0.0,0.0,0.0,0.0
1464818251.6528304,0.0,0.0,0.0,0.0,0.0,0.0
1464818251.7051291,0.0,0.0,0.0,0.0,0.0,0.0
1464818251.7498105,0.0,0.0,0.0,0.0,0.0,0.0
1464818251.802876,0.0,0.0,0.0,0.0,0.0,0.0
1464818251.8525498,0.0,0.0,0.0,0.0,0.0,0.0
1464818251.9051602,0.0,0.0,0.0,0.0,0.0,0.0
1464818251.9498146,0.0,0.0,0.0,0.0,0.0,0.0
1464818252.0030406,0.0,0.0,0.0,0.0,0.0,0.0
1464818252.0526338,0.0,0.0,0.0,0.0,0.0,0.0
1464818252.105154,0.0,0.0,0.0,0.0,0.0,0.0
1464818252.149844,0.0,0.0,0.0,0.0,0.0,0.0
1464818252.2028394,0.0,0.0,0.0,0.0,0.0,0.0
1464818252.2525697,0.0,0.0,0.0,0.0,0.0,0.0
1464818252.3056874,0.0,0.0,0.0,0.0,0.0,0.0
1464818252.351245,0.0,0.0,0.0,0.0,0.0,0.0
1464818252.4030755,0.0,0.0,0.0,0.0,0.0,0.0
1464818252.4527428,0.0,0.0,0.0,0.0,0.0,0.0
1464818252.5052803,0.0,0.0,0.0,0.0,0.0,0.0
1464818252.5497236,0.0,0.0,0.0,0.0,0.0,0.0
1464818252.6026661,0.0,0.0,0.0,0.0,0.0,0.0
1464818252.6525297,0.0,0.0,0.0,0.0,0.0,0.0
1464818252.7055404,0.0,0.0,0.0,0.0,0.0,0.0
1464818252.749722,0.0,0.0,0.0,0.0,0.0,0.0
1464818252.8027399,0.0,0.0,0.0,0.0,0.0,0.0
1464818252.85274,0.0,0.0,0.0,0.0,0.0,0.0
1464818252.905244,0.0,0.0,0.0,0.0,0.0,0.0
1464818252.949833,0.0,0.0,0.0,0.0,0.0,0.0
1464818253.0029638,0.0,0.0,0.0,0.0,0.0,0.0
1464818253.0526705,0.0022000061023049085,0.0,0.0,0.0,0.0,0.0
1464818253.1052964,0.0,0.0,0.0,0.0,0.0,0.0
1464818253.1497722,0.0,0.0,0.0,0.0,0.0,0.0
1464818253.2028332,0.0,0.0,0.0,0.0,0.0,0.0
1464818253.2525866,0.0022000061023049085,0.0,0.0,0.0,0.0,0.0
1464818253.3054261,0.0,0.0,0.0,0.0,0.0,0.0
1464818253.35009,0.0,0.0,0.0,0.0,0.0,0.0
1464818253.4028578,0.0,0.0,0.0,0.0,0.0,0.0
1464818253.4526024,0.0,0.0,0.0,0.0,0.0,0.0
1464818253.5054321,0.008799993892572818,0.0,0.0,0.0,0.0,0.0
1464818253.5500784,0.0,0.0,0.0,0.0,0.0,0.0
1464818253.6030836,0.0,0.0,0.0,0.0,0.0,0.0
1464818253.652649,0.0,0.0,0.0,0.0,0.0,0.0
1464818253.7054026,0.0,0.0,0.0,0.0,0.0,0.0
1464818253.7500021,0.004400012204609817,0.0,0.0,0.0,0.0,0.0
1464818253.8028917,0.0,0.0,0.0,0.0,0.0,0.0
1464818253.8526723,0.004400012204609817,0.0,0.0,0.0,0.0,0.0
1464818253.9054003,0.0,0.0,0.0,0.0,0.0,0.0
1464818253.9498978,0.0,0.0,0.0,0.0,0.0,0.0
1464818254.0028188,0.0,0.0,0.0,0.0,0.0,0.0
1464818254.0527468,0.0,0.0,0.0,0.0,0.0,0.0
1464818254.1053355,0.004400012204609817,0.0,0.0,0.0,0.0,0.0
1464818254.149819,0.0,0.0,0.0,0.0,0.0,0.0
1464818254.2027705,0.0,0.0,0.0,0.0,0.0,0.0
1464818254.2526612,0.0,0.0,0.0,0.0,0.0,0.0
1464818254.3065753,0.0,0.0,0.0,0.0,0.0,0.0
1464818254.3499112,0.0022000061023049085,0.0,0.0,0.0,0.0,0.0
1464818254.4028046,0.008799993892572818,0.0,0.0,0.0,0.0,0.0
1464818254.4526873,0.0,0.0,0.0,0.0,0.0,0.0
1464818254.5053587,0.0,0.0,0.0,0.0,0.0,0.0
1464818254.549757,0.0,0.0,0.0,0.0,0.0,0.0
1464818254.6029103,0.0,0.0,0.0,0.0,0.0,0.0
1464818254.6526082,0.0,0.0,0.0,0.0,0.0,0.0
1464818254.70552,0.0,0.0,0.0,0.0,0.0,0.0
1464818254.7497756,0.0,0.0,0.0,0.0,0.0,0.0
1464818254.8028476,0.0,0.0,0.0,0.0,0.0,0.0
1464818254.8525999,0.0022000061023049085,0.0,0.0,0.0,0.0,0.0
1464818254.9052372,0.0,0.0,0.0,0.0,0.0,0.0
1464818254.9498253,0.0,0.0,0.0,0.0,0.0,0.0
1464818255.0030923,0.0,0.0,0.0,0.0,0.0,0.0
1464818255.052712,0.0,0.0,0.0,0.0,0.0,0.0
1464818255.1054838,0.0,0.0,0.0,0.0,0.0,0.0
1464818255.1499882,0.0,0.0,0.0,0.0,0.0,0.0
1464818255.2028995,0.0,0.0,0.0,0.0,0.0,0.0
1464818255.2531435,0.0022000061023049085,0.0,0.0,0.0,0.0,0.0
1464818255.30547,0.0,0.0,0.0,0.0,0.0,0.0
1464818255.3498063,0.008799993892572818,0.0,0.0,0.0,0.0,0.0
1464818255.4031005,0.004400012204609817,0.0,0.0,0.0,0.0,0.0
1464818255.453038,0.006599987790267909,0.0,0.0,0.0,0.0,0.0
1464818255.5054164,0.0,0.0,0.0,0.0,0.0,0.0
1464818255.5498393,0.0022000061023049085,0.0,0.0,0.0,0.0,0.0
1464818255.6029813,0.004400012204609817,0.0,0.0,0.0,0.0,0.0
1464818255.652778,0.0,0.0,0.0,0.0,0.0,0.0
1464818255.705329,0.0,0.0,0.0,0.0,0.0,0.0
1464818255.7499125,0.0,0.0,0.0,0.0,0.0,0.0
1464818255.8029284,0.0,0.0,0.0,0.0,0.0,0.0
1464818255.8527982,0.0,0.0,0.0,0.0,0.0,0.0
1464818255.9053838,0.004400012204609817,0.0,0.0,0.0,0.0,0.0
1464818255.9499037,0.0,0.0,0.0,0.0,0.0,0.0
1464818256.003019,0.0,0.0,0.0,0.0,0.0,0.0
1464818256.0527718,0.0,0.0,0.0,0.0,0.0,0.0
1464818256.105586,0.0,0.0,0.0,0.0,0.0,0.0
1464818256.1502202,0.0,0.0,0.0,0.0,0.0,0.0
1464818256.2029986,0.0,0.0,0.0,0.0,0.0,0.0
1464818256.2528691,0.0,0.0,0.0,0.0,0.0,0.0
1464818256.3054519,0.0,0.0,0.0,0.0,0.0,0.0
1464818256.3503795,0.0,0.0,0.0,0.0,0.0,0.0
1464818256.4028988,0.0,0.0,0.0,0.0,0.0,0.0
1464818256.452696,0.0,0.0,0.0,0.0,0.0,0.0
1464818256.5054567,0.0,0.0,0.0,0.0,0.0,0.0
1464818256.549943,0.0,0.0,0.0,0.0,0.0,0.0
1464818256.60303,0.0,0.0,0.0,0.0,0.0,0.0
1464818256.652733,0.0,0.0,0.0,0.0,0.0,0.0
1464818256.7053454,0.0,0.0,0.0,0.0,0.0,0.0
1464818256.7498631,0.0,0.0,0.0,0.0,0.0,0.0
1464818256.8029387,0.0,0.0,0.0,0.0,0.0,0.0
1464818256.8526196,0.0,0.0,0.0,0.0,0.0,0.0
1464818256.905406,0.0,0.0,0.0,0.0,0.0,0.0
1464818256.9500597,0.0022000061023049085,0.0,0.0,0.0,0.0,0.0
1464818257.003113,0.0,0.0,0.0,0.0,0.0,0.0
1464818257.0526705,0.0,0.0,0.0,0.0,0.0,0.0
1464818257.1055152,0.0,0.0,0.0,0.0,0.0,0.0
1464818257.1500652,0.0,0.0,0.0,0.0,0.0,0.0
1464818257.2031446,0.0,0.0,0.0,0.0,0.0,0.0
1464818257.2529972,0.0,0.0,0.0,0.0,0.0,0.0
1464818257.3058348,0.006599987790267909,0.0,0.0,0.0,0.0,0.0
1464818257.3500915,0.0,0.0,0.0,0.0,0.0,0.0
1464818257.4029472,0.0,0.0,0.0,0.0,0.0,0.0
1464818257.4530187,0.0,0.0,0.0,0.0,0.0,0.0
1464818257.5057335,0.0,0.0,0.0,0.0,0.0,0.0
1464818257.5501564,0.0,0.0,0.0,0.0,0.0,0.0
1464818257.603099,0.0,0.0,0.0,0.0,0.0,0.0
1464818257.6529748,0.0,0.0,0.0,0.0,0.0,0.0
1464818257.7055588,0.008799993892572818,0.0,0.0,0.0,0.0,0.0
1464818257.7499337,0.0,0.0,0.0,0.0,0.0,0.0
1464818257.8031294,0.0,0.0,0.0,0.0,0.0,0.0
1464818257.852677,0.0,0.0,0.0,0.0,0.0,0.0
1464818257.9057999,0.0,0.0,0.0,0.0,0.0,0.0
1464818257.9499874,0.0,0.0,0.0,0.0,0.0,0.0
1464818258.003082,0.0,0.0,0.0,0.0,0.0,0.0
1464818258.0526001,0.0,0.0,0.0,0.0,0.0,0.0
1464818258.1055214,0.0,0.0,0.0,0.0,0.0,0.0
1464818258.1499834,0.0,0.0,0.0,0.0,0.0,0.0
1464818258.2030392,0.0,0.0,0.0,0.0,0.0,0.0
1464818258.2528172,0.0,0.0,0.0,0.0,0.0,0.0
1464818258.3053904,0.0,0.0,0.0,0.0,0.0,0.0
1464818258.3498597,0.0,0.0,0.0,0.0,0.0,0.0
1464818258.4031923,0.0,0.0,0.0,0.0,0.0,0.0
1464818258.452773,0.0,0.0,0.0,0.0,0.0,0.0
1464818258.505505,0.0,0.0,0.0,0.0,0.0,0.0
1464818258.5500276,0.0,0.0,0.0,0.0,0.0,0.0
1464818258.6029932,0.0,0.0,0.0,0.0,0.0,0.0
1464818258.6527364,0.0,0.0,0.0,0.0,0.0,0.0
1464818258.7054904,0.0,0.0,0.0,0.0,0.0,0.0
1464818258.7500656,0.0,0.0,0.0,0.0,0.0,0.0
1464818258.8030872,0.0,0.0,0.0,0.0,0.0,0.0
1464818258.8531702,0.0,0.0,0.0,0.0,0.0,0.0
1464818258.9056463,0.0,0.0,0.0,0.0,0.0,0.0
1464818258.950146,0.0,0.0,0.0,0.0,0.0,0.0
1464818259.0030363,0.0,0.0,0.0,0.0,0.0,0.0
1464818259.0528786,0.0,0.0,0.0,0.0,0.0,0.0
1464818259.1055903,0.0,0.0,0.0,0.0,0.0,0.0
1464818259.1503298,0.0,0.0,0.0,0.0,0.0,0.0
1464818259.2032068,0.0,0.0,0.0,0.0,0.0,0.0
1464818259.2529197,0.0,0.0,0.0,0.0,0.0,0.0
1464818259.3055177,0.0,0.0,0.0,0.0,0.0,0.0
1464818259.3502097,0.0,0.0,0.0,0.0,0.0,0.0
1464818259.4033027,0.0,0.0,0.0,0.0,0.0,0.0
1464818259.4527998,0.0,0.0,0.0,0.0,0.0,0.0
1464818259.5055242,0.0,0.0,0.0,0.0,0.0,0.0
1464818259.5500922,0.0,0.0,0.0,0.0,0.0,0.0
1464818259.6033597,0.0,0.0,0.0,0.0,0.0,0.0
1464818259.6529214,0.004400012204609817,0.0,0.0,0.0,0.0,0.0
1464818259.7056293,0.0,0.0,0.0,0.0,0.0,0.0
1464818259.750068,0.0,0.0,0.0,0.0,0.0,0.0
1464818259.8030117,0.0,0.0,0.0,0.0,0.0,0.0
1464818259.8527226,0.008799993892572818,0.0,0.0,0.0,0.0,0.0
1464818259.9057586,0.0,0.0,0.0,0.0,0.0,0.0
1464818259.9501743,0.0,0.0,0.0,0.0,0.0,0.0
1464818260.0033379,0.0,0.0,0.0,0.0,0.0,0.0
1464818260.0529952,0.0,0.0,0.0,0.0,0.0,0.0
1464818260.1055381,0.0,0.0,0.0,0.0,0.0,0.0
1464818260.150074,0.0,0.0,0.0,0.0,0.0,0.0
1464818260.2034292,0.0,0.0,0.0,0.0,0.0,0.0
1464818260.2530103,0.0,0.0,0.0,0.0,0.0,0.0
1464818260.3054574,0.0,0.0,0.0,0.0,0.0,0.0
1464818260.3504915,0.0,0.0,0.0,0.0,0.0,0.0
1464818260.4034264,0.0,0.0,0.0,0.0,0.0,0.0
1464818260.4528975,0.0,0.0,0.0,0.0,0.0,0.0
1464818260.5054715,0.0,0.0,0.0,0.0,0.0,0.0
1464818260.55019,0.0,0.0,0.0,0.0,0.0,0.0
1464818260.6033745,0.0022000061023049085,0.0,0.0,0.0,0.0,0.0
1464818260.6533115,0.0,0.0,0.0,0.0,0.0,0.0
1464818260.705674,0.0022000061023049085,0.0,0.0,0.0,0.0,0.0
1464818260.7505484,0.0,0.0,0.0,0.0,0.0,0.0
1464818260.803246,0.0,0.0,0.0,0.0,0.0,0.0
1464818260.8530512,0.0,0.0,0.0,0.0,0.0,0.0
1464818260.905627,0.0,0.0,0.0,0.0,0.0,0.0
1464818260.9503524,0.0,0.0,0.0,0.0,0.0,0.0
1464818261.003408,0.0,0.0,0.0,0.0,0.0,0.0
1464818261.052953,0.0,0.0,0.0,0.0,0.0,0.0
1464818261.1055605,0.0,0.0,0.0,0.0,0.0,0.0
1464818261.1501992,0.0,0.0,0.0,0.0,0.0,0.0
1464818261.2034218,0.0,0.0,0.0,0.0,0.0,0.0
1464818261.2529202,0.0,0.0,0.0,0.0,0.0,0.0
1464818261.3057873,0.0,0.0,0.0,0.0,0.0,0.0
1464818261.35021,0.0,0.0,0.0,0.0,0.0,0.0
1464818261.4031549,0.0,0.0,0.0,0.0,0.0,0.0
1464818261.4531085,0.0,0.0,0.0,0.0,0.0,0.0
1464818261.5056238,0.0,0.0,0.0,0.0,0.0,0.0
1464818261.5505028,0.0,0.0,0.0,0.0,0.0,0.0
1464818261.603389,0.0,0.0,0.0,0.0,0.0,0.0
1464818261.653314,0.0,0.0,0.0,0.0,0.0,0.0
1464818261.7056842,0.0,0.0,0.0,0.0,0.0,0.0
1464818261.7504952,0.0,0.0,0.0,0.0,0.0,0.0
1464818261.8032076,0.0022000061023049085,0.0,0.0,0.0,0.0,0.0
1464818261.8529274,0.0022000061023049085,0.0,0.0,0.0,0.0,0.0
1464818261.9056804,0.0,0.0,0.0,0.0,0.0,0.0
1464818261.950229,0.0,0.0,0.0,0.0,0.0,0.0
1464818262.003125,0.0,0.0,0.0,0.0,0.0,0.0
1464818262.0530112,0.0,0.0,0.0,0.0,0.0,0.0
1464818262.105641,0.0,0.0,0.0,0.0,0.0,0.0
1464818262.1504676,0.0,0.0,0.0,0.0,0.0,0.0
1464818262.2033112,0.0,0.0,0.0,0.0,0.0,0.0
1464818262.253122,0.0,0.0,0.0,0.0,0.0,0.0
1464818262.3057423,0.0,0.0,0.0,0.0,0.0,0.0
1464818262.3504276,0.0022000061023049085,0.0,0.0,0.0,0.0,0.0
1464818262.4031959,0.0022000061023049085,0.0,0.0,0.0,0.0,0.0
1464818262.453056,0.0,0.0,0.0,0.0,0.0,0.0
1464818262.5055642,0.0,0.0,0.0,0.0,0.0,0.0
1464818262.5505874,0.0,0.0,0.0,0.0,0.0,0.0
1464818262.6032877,0.0,0.0,0.0,0.0,0.0,0.0
1464818262.6530116,0.0,0.0,0.0,0.0,0.0,0.0
1464818262.705747,0.013200006097182635,0.0,0.0,0.0,0.0,0.0
1464818262.7503633,0.02640001219436527,0.0,0.0,0.0,0.0,0.0
1464818262.8033721,0.021999999989755454,0.0,0.0,0.0,0.0,0.0
1464818262.8531692,0.0,0.0,0.0,0.0,0.0,0.0
1464818262.9056408,0.02640001219436527,0.0,0.0,0.0,0.0,0.0
1464818262.9504132,0.03520000608693809,0.0,0.0,0.0,0.0,0.0
1464818263.0032353,0.019799993887450545,0.0,0.0,0.0,0.0,0.0
1464818263.0529654,0.02640001219436527,0.0,0.0,0.0,0.0,0.0
1464818263.1058486,0.05499999997438863,0.0,0.0,0.0,0.0,0.0
1464818263.150381,0.05499999997438863,0.0,0.0,0.0,0.0,0.0
1464818263.2032914,0.04399999997951091,0.0,0.0,0.0,0.0,0.0
1464818263.253109,0.10999999994877727,0.0,0.0,0.0,0.0,0.0
1464818263.305674,0.19579999380549418,0.0,0.0,0.0,0.0,0.0
1464818263.3501303,0.162799993820861,0.0,0.0,0.0,0.0,0.0
1464818263.4031398,0.16499999992316589,0.0,0.0,0.0,0.0,0.0
1464818263.4530566,0.2529999998821877,0.0,0.0,0.0,0.0,0.0
1464818263.5056863,0.2529999998821877,0.0,0.0,0.0,0.0,0.0
1464818263.550639,0.325599987641722,0.0,0.0,0.0,0.0,0.0
1464818263.603324,0.39820000591790305,0.0,0.0,0.0,0.0,0.0
1464818263.6530595,0.4135999876007438,0.0,0.0,0.0,0.0,0.0
1464818263.7055469,0.4619999997848645,0.0,0.0,0.0,0.0,0.0
1464818263.7504258,0.5169999997592531,0.0,0.0,0.0,0.0,0.0
1464818263.8034348,0.644599987493176,0.0,0.0,0.0,0.0,0.0
1464818263.8530781,0.6885999874726869,0.0,0.0,0.0,0.0,0.0
1464818263.9057095,0.7832000057386235,0.0,0.0,0.0,0.0,0.0
1464818263.9504824,0.8535999873958529,0.0,0.0,0.0,0.0,0.0
1464818264.0033135,0.8645999873907306,0.0,0.0,0.0,0.0,0.0
1464818264.0530665,0.961400011758972,0.0,0.0,0.0,0.0,0.0
1464818264.1057992,1.0845999872882852,0.0,0.0,0.0,0.0,0.0
1464818264.1503308,1.130799993370101,0.0,0.0,0.0,0.0,0.0
1464818264.2033713,1.2364000116309153,0.0,0.0,0.0,0.0,0.0
1464818264.2531884,1.3464000115796924,0.0,0.0,0.0,0.0,0.0
1464818264.3056664,1.401400011554081,0.0,0.0,0.0,0.0,0.0
1464818264.3502858,1.4982000054056757,0.0,0.0,0.0,0.0,0.0
1464818264.4033117,1.614799993144721,0.0,0.0,0.0,0.0,0.0
1464818264.453125,1.6852000053185971,0.0,0.0,0.0,0.0,0.0
1464818264.5058658,1.7797999930678867,0.0,0.0,0.0,0.0,0.0
1464818264.5502696,1.847999999139458,0.0,0.0,0.0,0.0,0.0
1464818264.6034563,1.9425999868887478,0.0,0.0,0.0,0.0,0.0
1464818264.653161,2.006400011272356,0.0,0.0,0.0,0.0,0.0
1464818264.7059333,2.1032000051239508,0.0,0.0,0.0,0.0,0.0
1464818264.7504008,2.1934000111852776,0.0,0.0,0.0,0.0,0.0
1464818264.8032653,2.2725999867350795,0.0,0.0,0.0,0.0,0.0
1464818264.8530538,2.3474000111135656,0.0,0.0,0.0,0.0,0.0
1464818264.9057782,2.441999998862855,0.0,0.0,0.0,0.0,0.0
1464818264.9507196,2.4772000049497933,0.0,0.0,0.0,0.0,0.0
1464818265.0035932,2.5894000110008757,0.0,0.0,0.0,0.0,0.0
1464818265.053169,2.6619999987604097,0.0,0.0,0.0,0.0,0.0
1464818265.1058736,2.738999998724554,0.0,0.0,0.0,0.0,0.0
1464818265.1505654,2.8115999864840884,0.0,0.0,0.0,0.0,0.0
1464818265.2033486,2.8687999925607817,0.0,0.0,0.0,0.0,0.0
1464818265.253082,2.939200004734658,0.0,0.0,0.0,0.0,0.0
1464818265.305959,3.011799992494192,0.0,0.0,0.0,0.0,0.0
1464818265.3504913,3.0734000107754955,0.0,0.0,0.0,0.0,0.0
1464818265.4036665,3.1614000107345173,0.0,0.0,0.0,0.0,0.0
1464818265.4532092,3.2229999984991737,0.0,0.0,0.0,0.0,0.0
1464818265.5057988,3.2647999923763797,0.0,0.0,0.0,0.0,0.0
1464818265.5505056,3.3307999923456464,0.0,0.0,0.0,0.0,0.0
1464818265.6034524,3.427599986197241,0.0,0.0,0.0,0.0,0.0
1464818265.6532307,3.4804000105859716,0.0,0.0,0.0,0.0,0.0
1464818265.7059095,3.5552000044478107,0.0,0.0,0.0,0.0,0.0
1464818265.7503893,3.6014000105296264,0.0,0.0,0.0,0.0,0.0
1464818265.8034096,3.662999998294283,0.0,0.0,0.0,0.0,0.0
1464818265.8531315,3.689400010488648,0.0,0.0,0.0,0.0,0.0
1464818265.9058506,3.689400010488648,0.0,0.0,0.0,0.0,0.0
1464818265.9505322,3.77299999824306,0.0,0.0,0.0,0.0,0.0
1464818266.0034668,3.8345999860077167,0.0,0.0,0.0,0.0,0.0
1464818266.0532293,3.8764000104015697,0.0,0.0,0.0,0.0,0.0
1464818266.1058285,3.9599999981559817,0.0,0.0,0.0,0.0,0.0
1464818266.1503863,3.9709999981508592,0.0,0.0,0.0,0.0,0.0
1464818266.2033963,4.03479999201782,0.0,0.0,0.0,0.0,0.0
1464818266.253076,4.047999998115003,0.0,0.0,0.0,0.0,0.0
1464818266.307355,4.107400010294002,0.0,0.0,0.0,0.0,0.0
1464818266.3504875,4.166799991956354,0.0,0.0,0.0,0.0,0.0
1464818266.4034843,4.13820000417633,0.0,0.0,0.0,0.0,0.0
1464818266.453142,4.13820000417633,0.0,0.0,0.0,0.0,0.0
1464818266.5069816,4.144799991966598,0.0,0.0,0.0,0.0,0.0
1464818266.5503283,4.160200004166086,0.0,0.0,0.0,0.0,0.0
1464818266.603534,4.193200004150719,0.0,0.0,0.0,0.0,0.0
1464818266.653101,4.164599985854048,0.0,0.0,0.0,0.0,0.0
1464818266.705802,4.118400010288879,0.0,0.0,0.0,0.0,0.0
1464818266.7502956,4.15799999806378,0.0,0.0,0.0,0.0,0.0
1464818266.8033073,4.184400010258146,0.0,0.0,0.0,0.0,0.0
1464818266.8532872,4.13820000417633,0.0,0.0,0.0,0.0,0.0
1464818266.9059465,4.144799991966598,0.0,0.0,0.0,0.0,0.0
1464818266.9504852,4.186599985843804,0.0,0.0,0.0,0.0,0.0
1464818267.00351,4.179999998053536,0.0,0.0,0.0,0.0,0.0
1464818267.0533974,4.228400010237657,0.0,0.0,0.0,0.0,0.0
1464818267.1058304,4.149200004171208,0.0,0.0,0.0,0.0,0.0
1464818267.1504042,4.164599985854048,0.0,0.0,0.0,0.0,0.0
1464818267.2050316,4.10959998587966,0.0,0.0,0.0,0.0,0.0
1464818267.2532768,4.168999998058658,0.0,0.0,0.0,0.0,0.0
1464818267.3058038,4.177799991951231,0.0,0.0,0.0,0.0,0.0
1464818267.3504179,4.098599985884782,0.0,0.0,0.0,0.0,0.0
1464818267.4053967,4.10959998587966,0.0,0.0,0.0,0.0,0.0
1464818267.4534097,4.09420000419682,0.0,0.0,0.0,0.0,0.0
1464818267.5058038,4.135999998074025,0.0,0.0,0.0,0.0,0.0
1464818267.5504274,4.083200004201942,0.0,0.0,0.0,0.0,0.0
1464818267.6051369,4.036999998120126,0.0,0.0,0.0,0.0,0.0
1464818267.6532211,4.025999998125248,0.0,0.0,0.0,0.0,0.0
1464818267.7061577,4.096400010299124,0.0,0.0,0.0,0.0,0.0
1464818267.7519395,4.091999998094514,0.0,0.0,0.0,0.0,0.0
1464818267.8036337,3.944599985956494,0.0,0.0,0.0,0.0,0.0
1464818267.8533669,3.8807999920895324,0.0,0.0,0.0,0.0,0.0
1464818267.9061513,3.977599985941127,0.0,0.0,0.0,0.0,0.0
1464818267.950605,3.935799992063921,0.0,0.0,0.0,0.0,0.0
1464818268.0035646,3.863200004304387,0.0,0.0,0.0,0.0,0.0
1464818268.0552366,3.8587999920997773,0.0,0.0,0.0,0.0,0.0
1464818268.10605,3.911599985971861,0.0,0.0,0.0,0.0,0.0
1464818268.150643,3.8785999859872278,0.0,0.0,0.0,0.0,0.0
1464818268.2035449,3.8807999920895324,0.0,0.0,0.0,0.0,0.0
1464818268.253272,3.898400010391325,0.0,0.0,0.0,0.0,0.0
1464818268.305975,3.8895999859821053,0.0,0.0,0.0,0.0,0.0
1464818268.3503969,3.8499999982072044,0.0,0.0,0.0,0.0,0.0
1464818268.4035707,3.8807999920895324,0.0,0.0,0.0,0.0,0.0
1464818268.4530401,3.8852000042941426,0.0,0.0,0.0,0.0,0.0
1464818268.5060122,3.902799992079288,0.0,0.0,0.0,0.0,0.0
1464818268.5504394,3.913799992074166,0.0,0.0,0.0,0.0,0.0
1464818268.6049154,3.8059999982276933,0.0,0.0,0.0,0.0,0.0
1464818268.6531882,3.7179999982686716,0.0,0.0,0.0,0.0,0.0
1464818268.7059188,3.7179999982686716,0.0,0.0,0.0,0.0,0.0
1464818268.7503862,3.7179999982686716,0.0,0.0,0.0,0.0,0.0
1464818268.8034158,3.7202000043709766,0.0,0.0,0.0,0.0,0.0
1464818268.8531299,3.7245999860589394,0.0,0.0,0.0,0.0,0.0
1464818268.9058642,3.7355999860538174,0.0,0.0,0.0,0.0,0.0
1464818268.9504182,3.7355999860538174,0.0,0.0,0.0,0.0,0.0
1464818269.0043015,3.790599986028206,0.0,0.0,0.0,0.0,0.0
1464818269.0535092,3.7597999921458776,0.0,0.0,0.0,0.0,0.0
1464818269.1060815,3.6915999860743063,0.0,0.0,0.0,0.0,0.0
1464818269.1505015,3.6365999860999176,0.0,0.0,0.0,0.0,0.0
1464818269.2035391,3.6695999860845507,0.0,0.0,0.0,0.0,0.0
1464818269.2532513,3.704799992171489,0.0,0.0,0.0,0.0,0.0
1464818269.3064916,3.6739999982891605,0.0,0.0,0.0,0.0,0.0
1464818269.35047,3.7004000104835257,0.0,0.0,0.0,0.0,0.0
1464818269.4036293,3.704799992171489,0.0,0.0,0.0,0.0,0.0
1464818269.453078,3.6695999860845507,0.0,0.0,0.0,0.0,0.0
1464818269.5059385,3.65420000440171,0.0,0.0,0.0,0.0,0.0
1464818269.5504498,3.616799992212467,0.0,0.0,0.0,0.0,0.0
1464818269.6035397,3.612400010524504,0.0,0.0,0.0,0.0,0.0
1464818269.6534603,3.546400010555238,0.0,0.0,0.0,0.0,0.0
1464818269.7058704,3.5112000044682996,0.0,0.0,0.0,0.0,0.0
1464818269.7504752,3.4694000105910936,0.0,0.0,0.0,0.0,0.0
1464818269.8036032,3.6014000105296264,0.0,0.0,0.0,0.0,0.0
1464818269.8533823,3.7157999921663665,0.0,0.0,0.0,0.0,0.0
1464818269.9059598,3.6805999860794287,0.0,0.0,0.0,0.0,0.0
1464818269.9505188,3.6784000104937706,0.0,0.0,0.0,0.0,0.0
1464818270.0036097,3.6497999921971003,0.0,0.0,0.0,0.0,0.0
1464818270.0533588,3.5639999983403836,0.0,0.0,0.0,0.0,0.0
1464818270.1059875,3.4429999983967283,0.0,0.0,0.0,0.0,0.0
1464818270.1505427,3.4342000045041554,0.0,0.0,0.0,0.0,0.0
1464818270.2044756,3.3989999984172177,0.0,0.0,0.0,0.0,0.0
1464818270.2533493,3.3989999984172177,0.0,0.0,0.0,0.0,0.0
1464818270.3060157,3.5617999922380785,0.0,0.0,0.0,0.0,0.0
1464818270.3505294,3.590400010534749,0.0,0.0,0.0,0.0,0.0
1464818270.4035788,3.583799992227834,0.0,0.0,0.0,0.0,0.0
1464818270.4533381,3.581599986125529,0.0,0.0,0.0,0.0,0.0
1464818270.505918,3.4869999983762394,0.0,0.0,0.0,0.0,0.0
1464818270.5506911,3.4319999984018508,0.0,0.0,0.0,0.0,0.0
1464818270.6036446,3.368200004534889,0.0,0.0,0.0,0.0,0.0
1464818270.653296,3.368200004534889,0.0,0.0,0.0,0.0,0.0
1464818270.7059333,3.381400010632072,0.0,0.0,0.0,0.0,0.0
1464818270.7505808,3.3902000045246448,0.0,0.0,0.0,0.0,0.0
1464818270.8036568,3.3792000045297668,0.0,0.0,0.0,0.0,0.0
1464818270.8534884,3.368200004534889,0.0,0.0,0.0,0.0,0.0
1464818270.9060638,3.3704000106371943,0.0,0.0,0.0,0.0,0.0
1464818270.950702,3.3462000045451337,0.0,0.0,0.0,0.0,0.0
1464818271.0036135,3.3462000045451337,0.0,0.0,0.0,0.0,0.0
1464818271.0533075,3.341799992340524,0.0,0.0,0.0,0.0,0.0
1464818271.1060922,3.3527999923354015,0.0,0.0,0.0,0.0,0.0
1464818271.1506498,3.376999998427462,0.0,0.0,0.0,0.0,0.0
1464818271.2035327,3.4297999922995457,0.0,0.0,0.0,0.0,0.0
1464818271.253196,3.4342000045041554,0.0,0.0,0.0,0.0,0.0
1464818271.3065078,3.2229999984991737,0.0,0.0,0.0,0.0,0.0
1464818271.3507116,3.2032000046117233,0.0,0.0,0.0,0.0,0.0
1464818271.4038537,3.3572000045400117,0.0,0.0,0.0,0.0,0.0
1464818271.4531302,3.3725999862228524,0.0,0.0,0.0,0.0,0.0
1464818271.5060086,3.2317999923917466,0.0,0.0,0.0,0.0,0.0
1464818271.5505571,3.1635999863201754,0.0,0.0,0.0,0.0,0.0
1464818271.6037607,3.218599986294564,0.0,0.0,0.0,0.0,0.0
1464818271.6532736,3.251599986279197,0.0,0.0,0.0,0.0,0.0
1464818271.706145,3.2559999984838073,0.0,0.0,0.0,0.0,0.0
1464818271.750547,3.262599986274075,0.0,0.0,0.0,0.0,0.0
1464818271.80359,3.2472000045912344,0.0,0.0,0.0,0.0,0.0
1464818271.8532138,3.185599986309931,0.0,0.0,0.0,0.0,0.0
1464818271.906026,3.1657999924224804,0.0,0.0,0.0,0.0,0.0
1464818271.9505816,3.1745999863150534,0.0,0.0,0.0,0.0,0.0
1464818272.004008,3.2075999862996865,0.0,0.0,0.0,0.0,0.0
1464818272.0534163,3.1987999924071135,0.0,0.0,0.0,0.0,0.0
1464818272.1062734,3.1812000046219677,0.0,0.0,0.0,0.0,0.0
1464818272.150756,3.1812000046219677,0.0,0.0,0.0,0.0,0.0
1464818272.2042866,3.14599999853503,0.0,0.0,0.0,0.0,0.0
1464818272.2534316,3.134999998540152,0.0,0.0,0.0,0.0,0.0
1464818272.3074245,3.099799992453214,0.0,0.0,0.0,0.0,0.0
1464818272.350631,3.101999998555519,0.0,0.0,0.0,0.0,0.0
1464818272.4038715,3.1305999863355423,0.0,0.0,0.0,0.0,0.0
1464818272.4531996,3.2054000107140284,0.0,0.0,0.0,0.0,0.0
1464818272.5061998,3.211999998504296,0.0,0.0,0.0,0.0,0.0
1464818272.5505955,3.0822000046680684,0.0,0.0,0.0,0.0,0.0
1464818272.6037567,3.0777999924634587,0.0,0.0,0.0,0.0,0.0
1464818272.6530728,3.1592000046322126,0.0,0.0,0.0,0.0,0.0
1464818272.706129,3.104200004657824,0.0,0.0,0.0,0.0,0.0
1464818272.7506561,3.053599986371398,0.0,0.0,0.0,0.0,0.0
1464818272.804712,3.1152000046527015,0.0,0.0,0.0,0.0,0.0
1464818272.853259,3.1504000107396397,0.0,0.0,0.0,0.0,0.0
1464818272.906104,3.0822000046680684,0.0,0.0,0.0,0.0,0.0
1464818272.9507203,3.0799999985657633,0.0,0.0,0.0,0.0,0.0
1464818273.0037756,3.126200004647579,0.0,0.0,0.0,0.0,0.0
1464818273.0537038,3.1085999863457867,0.0,0.0,0.0,0.0,0.0
1464818273.1063693,3.1217999924429694,0.0,0.0,0.0,0.0,0.0
1464818273.1509056,3.1569999985299075,0.0,0.0,0.0,0.0,0.0
1464818273.2051265,3.1614000107345173,0.0,0.0,0.0,0.0,0.0
1464818273.2535136,3.14599999853503,0.0,0.0,0.0,0.0,0.0
1464818273.3060844,3.1657999924224804,0.0,0.0,0.0,0.0,0.0
1464818273.3507648,3.185599986309931,0.0,0.0,0.0,0.0,0.0
1464818273.403643,3.1944000107191504,0.0,0.0,0.0,0.0,0.0
1464818273.4535828,3.1812000046219677,0.0,0.0,0.0,0.0,0.0
1464818273.506088,3.229599986289442,0.0,0.0,0.0,0.0,0.0
1464818273.5505912,3.2647999923763797,0.0,0.0,0.0,0.0,0.0
1464818273.6037803,3.295599986258708,0.0,0.0,0.0,0.0,0.0
1464818273.6533446,3.291200004570745,0.0,0.0,0.0,0.0,0.0
1464818273.706209,3.341799992340524,0.0,0.0,0.0,0.0,0.0
1464818273.7506287,3.343999998442829,0.0,0.0,0.0,0.0,0.0
1464818273.805218,3.3549999984377066,0.0,0.0,0.0,0.0,0.0
1464818273.8532314,3.3902000045246448,0.0,0.0,0.0,0.0,0.0
1464818273.9060838,3.418799992304668,0.0,0.0,0.0,0.0,0.0
1464818273.9506645,3.449599986186996,0.0,0.0,0.0,0.0,0.0
1464818274.003694,3.4935999861665072,0.0,0.0,0.0,0.0,0.0
1464818274.0535142,3.4935999861665072,0.0,0.0,0.0,0.0,0.0
1464818274.1061103,3.5024000105757267,0.0,0.0,0.0,0.0,0.0
1464818274.15093,3.500200004473422,0.0,0.0,0.0,0.0,0.0
1464818274.2039192,3.548599986140896,0.0,0.0,0.0,0.0,0.0
1464818274.2536802,3.541999998350628,0.0,0.0,0.0,0.0,0.0
1464818274.306235,3.504599986161385,0.0,0.0,0.0,0.0,0.0
1464818274.3506935,3.5199999983608725,0.0,0.0,0.0,0.0,0.0
1464818274.403769,3.5574000105501153,0.0,0.0,0.0,0.0,0.0
1464818274.4534266,3.6079999983198943,0.0,0.0,0.0,0.0,0.0
1464818274.506099,3.539799992248323,0.0,0.0,0.0,0.0,0.0
1464818274.5508256,3.5199999983608725,0.0,0.0,0.0,0.0,0.0
1464818274.6039932,3.5662000044426883,0.0,0.0,0.0,0.0,0.0
1464818274.6532478,3.5287999922534454,0.0,0.0,0.0,0.0,0.0
1464818274.706106,3.4759999983813614,0.0,0.0,0.0,0.0,0.0
1464818274.7508752,3.418799992304668,0.0,0.0,0.0,0.0,0.0
1464818274.8038006,3.4782000044836665,0.0,0.0,0.0,0.0,0.0
1464818274.8534393,3.6454000105091375,0.0,0.0,0.0,0.0,0.0
1464818274.9063957,3.588200004432444,0.0,0.0,0.0,0.0,0.0
1464818274.9508982,3.5244000105654822,0.0,0.0,0.0,0.0,0.0
1464818275.0038078,3.460599986181874,0.0,0.0,0.0,0.0,0.0
1464818275.0537431,3.4539999983916063,0.0,0.0,0.0,0.0,0.0
1464818275.1062367,3.5617999922380785,0.0,0.0,0.0,0.0,0.0
1464818275.1508691,3.5244000105654822,0.0,0.0,0.0,0.0,0.0
1464818275.2037082,3.458400010596216,0.0,0.0,0.0,0.0,0.0
1464818275.253479,3.418799992304668,0.0,0.0,0.0,0.0,0.0
1464818275.3063302,3.500200004473422,0.0,0.0,0.0,0.0,0.0
1464818275.3507247,3.4957999922688123,0.0,0.0,0.0,0.0,0.0
1464818275.403818,3.4012000045195223,0.0,0.0,0.0,0.0,0.0
1464818275.4534454,3.3725999862228524,0.0,0.0,0.0,0.0,0.0
1464818275.5064027,3.418799992304668,0.0,0.0,0.0,0.0,0.0
1464818275.5507617,3.4319999984018508,0.0,0.0,0.0,0.0,0.0
1464818275.6037784,3.4055999862074855,0.0,0.0,0.0,0.0,0.0
1464818275.653407,3.365999998432584,0.0,0.0,0.0,0.0,0.0
1464818275.7063677,3.3792000045297668,0.0,0.0,0.0,0.0,0.0
1464818275.7507381,3.381400010632072,0.0,0.0,0.0,0.0,0.0
1464818275.8038435,3.3594000106423163,0.0,0.0,0.0,0.0,0.0
1464818275.8534744,3.3374000106525608,0.0,0.0,0.0,0.0,0.0
1464818275.9063444,3.350599986233097,0.0,0.0,0.0,0.0,0.0
1464818275.9508333,3.3572000045400117,0.0,0.0,0.0,0.0,0.0
1464818276.003785,3.3572000045400117,0.0,0.0,0.0,0.0,0.0
1464818276.0532558,3.326400010657683,0.0,0.0,0.0,0.0,0.0
1464818276.1064723,3.341799992340524,0.0,0.0,0.0,0.0,0.0
1464818276.1508574,3.3879999984223397,0.0,0.0,0.0,0.0,0.0
1464818276.2039137,3.5222000044631776,0.0,0.0,0.0,0.0,0.0
1464818276.2535143,3.2779999984735624,0.0,0.0,0.0,0.0,0.0
1464818276.3060374,3.1922000046168457,0.0,0.0,0.0,0.0,0.0
1464818276.350717,3.341799992340524,0.0,0.0,0.0,0.0,0.0
1464818276.403821,3.3902000045246448,0.0,0.0,0.0,0.0,0.0
1464818276.4533002,3.2845999862638307,0.0,0.0,0.0,0.0,0.0
1464818276.5063245,3.2824000106781726,0.0,0.0,0.0,0.0,0.0
1464818276.5508583,3.3792000045297668,0.0,0.0,0.0,0.0,0.0
1464818276.6038194,3.3109999984581955,0.0,0.0,0.0,0.0,0.0
1464818276.6537027,3.2735999862689527,0.0,0.0,0.0,0.0,0.0
1464818276.706232,3.368200004534889,0.0,0.0,0.0,0.0,0.0
1464818276.7509773,3.3704000106371943,0.0,0.0,0.0,0.0,0.0
1464818276.8037417,3.29340001067305,0.0,0.0,0.0,0.0,0.0
1464818276.8535817,3.3484000106474388,0.0,0.0,0.0,0.0,0.0
1464818276.9062512,3.3572000045400117,0.0,0.0,0.0,0.0,0.0
1464818276.950798,3.3374000106525608,0.0,0.0,0.0,0.0,0.0
1464818277.0037026,3.3594000106423163,0.0,0.0,0.0,0.0,0.0
1464818277.0535855,3.3704000106371943,0.0,0.0,0.0,0.0,0.0
1464818277.1062326,3.3527999923354015,0.0,0.0,0.0,0.0,0.0
1464818277.1508327,3.3462000045451337,0.0,0.0,0.0,0.0,0.0
1464818277.2037742,3.3879999984223397,0.0,0.0,0.0,0.0,0.0
1464818277.2536936,3.3989999984172177,0.0,0.0,0.0,0.0,0.0
1464818277.3061495,3.381400010632072,0.0,0.0,0.0,0.0,0.0
1464818277.350781,3.3879999984223397,0.0,0.0,0.0,0.0,0.0
1464818277.4038687,3.425400010611583,0.0,0.0,0.0,0.0,0.0
1464818277.4535317,3.423200004509278,0.0,0.0,0.0,0.0,0.0
1464818277.5061398,3.427599986197241,0.0,0.0,0.0,0.0,0.0
1464818277.5509014,3.4297999922995457,0.0,0.0,0.0,0.0,0.0
1464818277.6039138,3.416599986202363,0.0,0.0,0.0,0.0,0.0
1464818277.653671,3.447400010601338,0.0,0.0,0.0,0.0,0.0
1464818277.706211,3.4539999983916063,0.0,0.0,0.0,0.0,0.0
1464818277.750811,3.467200004488789,0.0,0.0,0.0,0.0,0.0
1464818277.8037035,3.456200004493911,0.0,0.0,0.0,0.0,0.0
1464818277.853591,3.456200004493911,0.0,0.0,0.0,0.0,0.0
1464818277.9063113,3.4517999922893012,0.0,0.0,0.0,0.0,0.0
1464818277.9509006,3.449599986186996,0.0,0.0,0.0,0.0,0.0
1464818278.0038753,3.50679999226369,0.0,0.0,0.0,0.0,0.0
1464818278.0537653,3.491400010580849,0.0,0.0,0.0,0.0,0.0
1464818278.106275,3.464999998386484,0.0,0.0,0.0,0.0,0.0
1464818278.1508286,3.423200004509278,0.0,0.0,0.0,0.0,0.0
1464818278.2038877,3.456200004493911,0.0,0.0,0.0,0.0,0.0
1464818278.2536886,3.4759999983813614,0.0,0.0,0.0,0.0,0.0
1464818278.306286,3.458400010596216,0.0,0.0,0.0,0.0,0.0
1464818278.3508787,3.4342000045041554,0.0,0.0,0.0,0.0,0.0
1464818278.4039629,3.425400010611583,0.0,0.0,0.0,0.0,0.0
1464818278.453654,3.3704000106371943,0.0,0.0,0.0,0.0,0.0
1464818278.5064075,3.3197999923507684,0.0,0.0,0.0,0.0,0.0
1464818278.5509863,3.308799992355891,0.0,0.0,0.0,0.0,0.0
1464818278.6040485,3.3967999923149126,0.0,0.0,0.0,0.0,0.0
1464818278.6535246,3.515599986156263,0.0,0.0,0.0,0.0,0.0
1464818278.7062354,3.467200004488789,0.0,0.0,0.0,0.0,0.0
1464818278.7509093,3.425400010611583,0.0,0.0,0.0,0.0,0.0
1464818278.803896,3.381400010632072,0.0,0.0,0.0,0.0,0.0
1464818278.8533995,3.3132000045605006,0.0,0.0,0.0,0.0,0.0
1464818278.9063969,3.2824000106781726,0.0,0.0,0.0,0.0,0.0
1464818278.9510086,3.2867999923661353,0.0,0.0,0.0,0.0,0.0
1464818279.0042946,3.38359998621773,0.0,0.0,0.0,0.0,0.0
1464818279.053721,3.3704000106371943,0.0,0.0,0.0,0.0,0.0
1464818279.1066835,3.3197999923507684,0.0,0.0,0.0,0.0,0.0
1464818279.1510684,3.262599986274075,0.0,0.0,0.0,0.0,0.0
1464818279.2040942,3.2339999984940517,0.0,0.0,0.0,0.0,0.0
1464818279.2536302,3.227400010703784,0.0,0.0,0.0,0.0,0.0
1464818279.3062665,3.302200004565623,0.0,0.0,0.0,0.0,0.0
1464818279.3509634,3.26920000458099,0.0,0.0,0.0,0.0,0.0
1464818279.4039893,3.258200004586112,0.0,0.0,0.0,0.0,0.0
1464818279.453551,3.2362000045963564,0.0,0.0,0.0,0.0,0.0
1464818279.5064933,3.227400010703784,0.0,0.0,0.0,0.0,0.0
1464818279.5510075,3.2142000046066013,0.0,0.0,0.0,0.0,0.0
1464818279.6040626,3.2142000046066013,0.0,0.0,0.0,0.0,0.0
1464818279.6539614,3.225200004601479,0.0,0.0,0.0,0.0,0.0
1464818279.7065134,3.3132000045605006,0.0,0.0,0.0,0.0,0.0
1464818279.7510016,3.3902000045246448,0.0,0.0,0.0,0.0,0.0
1464818279.803806,3.1174000107550066,0.0,0.0,0.0,0.0,0.0
1464818279.8534694,3.0667999924685807,0.0,0.0,0.0,0.0,0.0
1464818279.9063761,3.2405999862843196,0.0,0.0,0.0,0.0,0.0
1464818279.950897,3.2449999984889293,0.0,0.0,0.0,0.0,0.0
1464818280.0039215,3.0822000046680684,0.0,0.0,0.0,0.0,0.0
1464818280.0533838,3.104200004657824,0.0,0.0,0.0,0.0,0.0
1464818280.1063075,3.2142000046066013,0.0,0.0,0.0,0.0,0.0
1464818280.1508775,3.1745999863150534,0.0,0.0,0.0,0.0,0.0
1464818280.2038937,3.1504000107396397,0.0,0.0,0.0,0.0,0.0
1464818280.2535722,3.227400010703784,0.0,0.0,0.0,0.0,0.0
1464818280.3063188,3.1944000107191504,0.0,0.0,0.0,0.0,0.0
1464818280.3509138,3.1569999985299075,0.0,0.0,0.0,0.0,0.0
1464818280.4038923,3.1899999985145406,0.0,0.0,0.0,0.0,0.0
1464818280.4536908,3.143799992432725,0.0,0.0,0.0,0.0,0.0
1464818280.5063655,3.0425999863765205,0.0,0.0,0.0,0.0,0.0
1464818280.5508962,3.0822000046680684,0.0,0.0,0.0,0.0,0.0
1464818280.604311,3.1569999985299075,0.0,0.0,0.0,0.0,0.0
1464818280.6537888,3.1327999924378473,0.0,0.0,0.0,0.0,0.0
1464818280.7063446,3.055799992473703,0.0,0.0,0.0,0.0,0.0
1464818280.7510362,3.0404000107908624,0.0,0.0,0.0,0.0,0.0
1464818280.8039176,3.018400010801107,0.0,0.0,0.0,0.0,0.0
1464818280.8537087,2.9854000108164738,0.0,0.0,0.0,0.0,0.0
1464818280.9064732,3.0337999924839476,0.0,0.0,0.0,0.0,0.0
1464818280.9512317,3.1217999924429694,0.0,0.0,0.0,0.0,0.0
1464818281.0041142,3.14159998633042,0.0,0.0,0.0,0.0,0.0
1464818281.0535233,3.093200004662946,0.0,0.0,0.0,0.0,0.0
1464818281.1062899,3.068999998570886,0.0,0.0,0.0,0.0,0.0
1464818281.151173,3.016200004698802,0.0,0.0,0.0,0.0,0.0
1464818281.2041645,2.9677999925146814,0.0,0.0,0.0,0.0,0.0
1464818281.2540126,2.9744000108215958,0.0,0.0,0.0,0.0,0.0
1464818281.3062372,3.0712000046731904,0.0,0.0,0.0,0.0,0.0
1464818281.3513489,3.057999998576008,0.0,0.0,0.0,0.0,0.0
1464818281.405132,3.02279999248907,0.0,0.0,0.0,0.0,0.0
1464818281.4539106,3.104200004657824,0.0,0.0,0.0,0.0,0.0
1464818281.5067198,3.299999998463318,0.0,0.0,0.0,0.0,0.0
1464818281.5510893,3.1239999985452744,0.0,0.0,0.0,0.0,0.0
1464818281.60533,2.8687999925607817,0.0,0.0,0.0,0.0,0.0
1464818281.6539674,3.02279999248907,0.0,0.0,0.0,0.0,0.0
1464818281.706298,3.14599999853503,0.0,0.0,0.0,0.0,0.0
1464818281.7511747,2.9964000108113513,0.0,0.0,0.0,0.0,0.0
1464818281.8040245,3.0359999985862527,0.0,0.0,0.0,0.0,0.0
1464818281.8537548,3.185599986309931,0.0,0.0,0.0,0.0,0.0
1464818281.9064877,3.110799992448092,0.0,0.0,0.0,0.0,0.0
1464818281.951191,3.0294000107959844,0.0,0.0,0.0,0.0,0.0
1464818282.0043392,3.1482000046373346,0.0,0.0,0.0,0.0,0.0
1464818282.0538769,3.1899999985145406,0.0,0.0,0.0,0.0,0.0
1464818282.1065373,3.1239999985452744,0.0,0.0,0.0,0.0,0.0
1464818282.151599,3.178999998519663,0.0,0.0,0.0,0.0,0.0
1464818282.2042432,3.2384000106986615,0.0,0.0,0.0,0.0,0.0
1464818282.253534,3.216400010708906,0.0,0.0,0.0,0.0,0.0
1464818282.3064287,3.2339999984940517,0.0,0.0,0.0,0.0,0.0
1464818282.3509555,3.291200004570745,0.0,0.0,0.0,0.0,0.0
1464818282.4039552,3.2802000045758675,0.0,0.0,0.0,0.0,0.0
1464818282.4534748,3.2779999984735624,0.0,0.0,0.0,0.0,0.0
1464818282.5063941,3.3527999923354015,0.0,0.0,0.0,0.0,0.0
1464818282.551005,3.365999998432584,0.0,0.0,0.0,0.0,0.0
1464818282.6039762,3.3065999862535858,0.0,0.0,0.0,0.0,0.0
1464818282.6537519,3.335200004550256,0.0,0.0,0.0,0.0,0.0
1464818282.7065213,3.38359998621773,0.0,0.0,0.0,0.0,0.0
1464818282.751238,3.3725999862228524,0.0,0.0,0.0,0.0,0.0
1464818282.8039556,3.368200004534889,0.0,0.0,0.0,0.0,0.0
1464818282.8538907,3.3989999984172177,0.0,0.0,0.0,0.0,0.0
1464818282.9067037,3.365999998432584,0.0,0.0,0.0,0.0,0.0
1464818282.9512231,3.3572000045400117,0.0,0.0,0.0,0.0,0.0
1464818283.0043316,3.4055999862074855,0.0,0.0,0.0,0.0,0.0
1464818283.0538006,3.4319999984018508,0.0,0.0,0.0,0.0,0.0
1464818283.1066935,3.3902000045246448,0.0,0.0,0.0,0.0,0.0
1464818283.1512582,3.3704000106371943,0.0,0.0,0.0,0.0,0.0
1464818283.2040732,3.3704000106371943,0.0,0.0,0.0,0.0,0.0
1464818283.2536552,3.3154000106628057,0.0,0.0,0.0,0.0,0.0
1464818283.3066883,3.2405999862843196,0.0,0.0,0.0,0.0,0.0
1464818283.351203,3.2824000106781726,0.0,0.0,0.0,0.0,0.0
1464818283.4039536,3.5222000044631776,0.0,0.0,0.0,0.0,0.0
1464818283.4538279,3.4429999983967283,0.0,0.0,0.0,0.0,0.0
1464818283.5065134,3.3484000106474388,0.0,0.0,0.0,0.0,0.0
1464818283.551118,3.2889999984684404,0.0,0.0,0.0,0.0,0.0
1464818283.6052883,3.26920000458099,0.0,0.0,0.0,0.0,0.0
1464818283.6537788,3.4012000045195223,0.0,0.0,0.0,0.0,0.0
1464818283.706771,3.3879999984223397,0.0,0.0,0.0,0.0,0.0
1464818283.751141,3.3549999984377066,0.0,0.0,0.0,0.0,0.0
1464818283.8053539,3.2845999862638307,0.0,0.0,0.0,0.0,0.0
1464818283.8539505,3.332999998447951,0.0,0.0,0.0,0.0,0.0
1464818283.906781,3.3902000045246448,0.0,0.0,0.0,0.0,0.0
1464818283.9513533,3.3989999984172177,0.0,0.0,0.0,0.0,0.0
1464818284.0040324,3.4342000045041554,0.0,0.0,0.0,0.0,0.0
1464818284.053679,3.4804000105859716,0.0,0.0,0.0,0.0,0.0
1464818284.1065705,3.258200004586112,0.0,0.0,0.0,0.0,0.0
1464818284.1513336,3.110799992448092,0.0,0.0,0.0,0.0,0.0
1464818284.2051048,3.101999998555519,0.0,0.0,0.0,0.0,0.0
1464818284.253852,3.1614000107345173,0.0,0.0,0.0,0.0,0.0
1464818284.3074374,3.3615999862279744,0.0,0.0,0.0,0.0,0.0
1464818284.3511674,3.3792000045297668,0.0,0.0,0.0,0.0,0.0
1464818284.4041755,3.3637999923302795,0.0,0.0,0.0,0.0,0.0
1464818284.4538155,3.332999998447951,0.0,0.0,0.0,0.0,0.0
1464818284.5066636,3.260400010688417,0.0,0.0,0.0,0.0,0.0
1464818284.5512981,3.2009999985094186,0.0,0.0,0.0,0.0,0.0
1464818284.6041374,3.1812000046219677,0.0,0.0,0.0,0.0,0.0
1464818284.6539457,3.143799992432725,0.0,0.0,0.0,0.0,0.0
1464818284.7065053,3.0359999985862527,0.0,0.0,0.0,0.0,0.0
1464818284.7511885,2.936999998632353,0.0,0.0,0.0,0.0,0.0
1464818284.8041782,3.1569999985299075,0.0,0.0,0.0,0.0,0.0
1464818284.8538327,3.1614000107345173,0.0,0.0,0.0,0.0,0.0
1464818284.906568,2.930400010842085,0.0,0.0,0.0,0.0,0.0
1464818284.951256,2.9172000047449025,0.0,0.0,0.0,0.0,0.0
1464818285.004224,3.0249999985913747,0.0,0.0,0.0,0.0,0.0
1464818285.0543816,2.9414000108369627,0.0,0.0,0.0,0.0,0.0
1464818285.1070998,2.822599986478966,0.0,0.0,0.0,0.0,0.0
1464818285.1521506,2.89959998644311,0.0,0.0,0.0,0.0,0.0
1464818285.2049766,2.9127999925402928,0.0,0.0,0.0,0.0,0.0
1464818285.2542377,2.7697999926068824,0.0,0.0,0.0,0.0,0.0
1464818285.3067048,2.8005999864892104,0.0,0.0,0.0,0.0,0.0
1464818285.3513079,2.765400010918919,0.0,0.0,0.0,0.0,0.0
1464818285.404157,2.6795999865455555,0.0,0.0,0.0,0.0,0.0
1464818285.4538352,2.6465999865609224,0.0,0.0,0.0,0.0,0.0
1464818285.506742,2.648799992663227,0.0,0.0,0.0,0.0,0.0
1464818285.5511587,2.580599986591656,0.0,0.0,0.0,0.0,0.0
1464818285.6041055,2.5542000049139375,0.0,0.0,0.0,0.0,0.0
1464818285.6538079,2.5189999988269993,0.0,0.0,0.0,0.0,0.0
1464818285.7066293,2.4639999988526107,0.0,0.0,0.0,0.0,0.0
1464818285.7511027,2.4375999866582454,0.0,0.0,0.0,0.0,0.0
1464818285.804108,2.3649999988987114,0.0,0.0,0.0,0.0,0.0
1464818285.8544385,2.3077999928220176,0.0,0.0,0.0,0.0,0.0
1464818285.9068515,2.3099999989243227,0.0,0.0,0.0,0.0,0.0
1464818285.9512854,2.329799992811773,0.0,0.0,0.0,0.0,0.0
1464818286.0043342,2.2659999989448116,0.0,0.0,0.0,0.0,0.0
1464818286.0545156,2.2395999867504464,0.0,0.0,0.0,0.0,0.0
1464818286.106742,2.217599986760691,0.0,0.0,0.0,0.0,0.0
1464818286.151189,2.2329999989601785,0.0,0.0,0.0,0.0,0.0
1464818286.2044284,2.1669999989909123,0.0,0.0,0.0,0.0,0.0
1464818286.2539077,1.8765999869194814,0.0,0.0,0.0,0.0,0.0
1464818286.3067515,1.885400011328701,0.0,0.0,0.0,0.0,0.0
1464818286.3514118,1.968999999083113,0.0,0.0,0.0,0.0,0.0
1464818286.404267,1.8435999869348483,0.0,0.0,0.0,0.0,0.0
1464818286.4537816,1.7049999992060476,0.0,0.0,0.0,0.0,0.0
1464818286.5066981,1.7445999869809488,0.0,0.0,0.0,0.0,0.0
1464818286.5512915,1.7555999869758265,0.0,0.0,0.0,0.0,0.0
1464818286.6053321,1.5795999870577828,0.0,0.0,0.0,0.0,0.0
1464818286.654447,1.5092000054005534,0.0,0.0,0.0,0.0,0.0
1464818286.7070603,1.528999999288004,0.0,0.0,0.0,0.0,0.0
1464818286.7513025,1.528999999288004,0.0,0.0,0.0,0.0,0.0
1464818286.805489,1.3882000054568984,0.0,0.0,0.0,0.0,0.0
1464818286.8542504,1.3309999993802049,0.0,0.0,0.0,0.0,0.0
1464818286.9068236,1.3574000115745701,0.0,0.0,0.0,0.0,0.0
1464818286.9513123,1.2847999932983891,0.0,0.0,0.0,0.0,0.0
1464818287.0041525,1.1902000055490993,0.0,0.0,0.0,0.0,0.0
1464818287.0541582,1.1814000116565266,0.0,0.0,0.0,0.0,0.0
1464818287.1069114,1.1527999933598563,0.0,0.0,0.0,0.0,0.0
1464818287.1511853,1.088999999492895,0.0,0.0,0.0,0.0,0.0
1464818287.2042694,1.0604000117128716,0.0,0.0,0.0,0.0,0.0
1464818287.2540586,1.0362000056208112,0.0,0.0,0.0,0.0,0.0
1464818287.306871,0.9855999873343856,0.0,0.0,0.0,0.0,0.0
1464818287.3513787,0.9349999995646068,0.0,0.0,0.0,0.0,0.0
1464818287.4044654,0.8909999995850959,0.0,0.0,0.0,0.0,0.0
1464818287.4537933,0.8755999873856083,0.0,0.0,0.0,0.0,0.0
1464818287.5068436,0.8602000057027676,0.0,0.0,0.0,0.0,0.0
1464818287.5511837,0.8184000118255615,0.0,0.0,0.0,0.0,0.0
1464818287.604859,0.7875999874265865,0.0,0.0,0.0,0.0,0.0
1464818287.65427,0.7589999996465632,0.0,0.0,0.0,0.0,0.0
1464818287.7067103,0.6885999874726869,0.0,0.0,0.0,0.0,0.0
1464818287.7513895,0.6754000118921512,0.0,0.0,0.0,0.0,0.0
1464818287.8042789,0.6467999935954809,0.0,0.0,0.0,0.0,0.0
1464818287.8545406,0.6335999874982984,0.0,0.0,0.0,0.0,0.0
1464818287.9065595,0.5852000058308244,0.0,0.0,0.0,0.0,0.0
1464818287.9514494,0.5345999875443987,0.0,0.0,0.0,0.0,0.0
1464818288.0058122,0.5345999875443987,0.0,0.0,0.0,0.0,0.0
1464818288.05406,0.5059999997643754,0.0,0.0,0.0,0.0,0.0
1464818288.1067314,0.43340001200484113,0.0,0.0,0.0,0.0,0.0
1464818288.1512907,0.39820000591790305,0.0,0.0,0.0,0.0,0.0
1464818288.204333,0.3937999937132933,0.0,0.0,0.0,0.0,0.0
1464818288.2539418,0.3365999876365997,0.0,0.0,0.0,0.0,0.0
1464818288.3065553,0.28159998766221106,0.0,0.0,0.0,0.0,0.0
1464818288.3511665,0.2529999998821877,0.0,0.0,0.0,0.0,0.0
1464818288.4042904,0.22879999379012736,0.0,0.0,0.0,0.0,0.0
1464818288.453866,0.1672000060254708,0.0,0.0,0.0,0.0,0.0
1464818288.5067208,0.11879999384135008,0.0,0.0,0.0,0.0,0.0
1464818288.551496,0.10559998774416744,0.0,0.0,0.0,0.0,0.0
1464818288.6057112,0.048400012184120725,0.0,0.0,0.0,0.0,0.0
1464818288.6541655,0.008799993892572818,0.0,0.0,0.0,0.0,0.0
1464818288.706659,0.0,0.0,0.0,0.0,0.0,0.0
1464818288.7513978,0.0,0.0,0.0,0.0,0.0,0.0
1464818288.8044472,0.0,0.0,0.0,0.0,0.0,0.0
1464818288.8540154,0.0,0.0,0.0,0.0,0.0,0.0
1464818288.906701,0.0,0.0,0.0,0.0,0.0,0.0
1464818288.951315,0.0,0.0,0.0,0.0,0.0,0.0
1464818289.0046933,0.006599987790267909,0.0,0.0,0.0,0.0,0.0
1464818289.0541434,0.0,0.0,0.0,0.0,0.0,0.0
1464818289.1068268,0.0,0.0,0.0,0.0,0.0,0.0
1464818289.1516545,0.0,0.0,0.0,0.0,0.0,0.0
1464818289.2043607,0.0,0.0,0.0,0.0,0.0,0.0
1464818289.2538688,0.0022000061023049085,0.0,0.0,0.0,0.0,0.0
1464818289.3089285,0.0,0.0,0.0,0.0,0.0,0.0
1464818289.3513517,0.0,0.0,0.0,0.0,0.0,0.0
1464818289.404472,0.0,0.0,0.0,0.0,0.0,0.0
1464818289.454068,0.0,0.0,0.0,0.0,0.0,0.0
1464818289.506775,0.0,0.0,0.0,0.0,0.0,0.0
1464818289.5512712,0.0,0.0,0.0,0.0,0.0,0.0
1464818289.6044579,0.0,0.0,0.0,0.0,0.0,0.0
1464818289.6541243,0.0,0.0,0.0,0.0,0.0,0.0
1464818289.7067277,0.0,0.0,0.0,0.0,0.0,0.0
1464818289.7514882,0.0,0.0,0.0,0.0,0.0,0.0
1464818289.8044705,0.0,0.0,0.0,0.0,0.0,0.0
1464818289.8539968,0.0022000061023049085,0.0,0.0,0.0,0.0,0.0
1464818289.9069188,0.0,0.0,0.0,0.0,0.0,0.0
1464818289.9516685,0.0,0.0,0.0,0.0,0.0,0.0
1464818290.0046184,0.0,0.0,0.0,0.0,0.0,0.0
1464818290.053872,0.0,0.0,0.0,0.0,0.0,0.0
1464818290.1073456,0.0,0.0,0.0,0.0,0.0,0.0
1464818290.151521,0.0,0.0,0.0,0.0,0.0,0.0
1464818290.2045248,0.0,0.0,0.0,0.0,0.0,0.0
